Model_name,Ratings,Customers_rated,RAM,Internal_storage,Display_size,Camera,Battery_mAh,Price,Discount,Final_Price
"SAMSUNG Galaxy F12 (Sky Blue, 128 GB)",4.2,"40,455",4 GB RAM , 128 GB ROM ,16.55 cm (6.515 inch) HD+ Display,48MP + 5MP + 2MP + 2MP | 8MP Front Camera,6000 mAh Lithium-ion Battery,"₹13,999",21% off,"₹10,999"
"SAMSUNG Galaxy F12 (Sky Blue, 64 GB)",4.2,"40,455",4 GB RAM , 64 GB ROM ,16.55 cm (6.515 inch) HD+ Display,48MP + 5MP + 2MP + 2MP | 8MP Front Camera,6000 mAh Lithium-ion Battery,"₹12,999",23% off,"₹9,999"
"SAMSUNG Galaxy F41 (Fusion Blue, 128 GB)",4.3,"3,05,200",6 GB RAM , 128 GB ROM ,16.26 cm (6.4 inch) Full HD+ Display,64MP + 8MP + 5MP | 32MP Front Camera,6000 mAh Lithium-ion Battery,"₹20,999",30% off,"₹14,499"
"SAMSUNG Galaxy F12 (Sea Green, 64 GB)",4.2,"40,455",4 GB RAM , 64 GB ROM ,16.55 cm (6.515 inch) HD+ Display,48MP + 5MP + 2MP + 2MP | 8MP Front Camera,6000 mAh Lithium-ion Battery,"₹12,999",23% off,"₹9,999"
"SAMSUNG Galaxy F12 (Sea Green, 128 GB)",4.2,"40,455",4 GB RAM , 128 GB ROM ,16.55 cm (6.515 inch) HD+ Display,48MP + 5MP + 2MP + 2MP | 8MP Front Camera,6000 mAh Lithium-ion Battery,"₹13,999",21% off,"₹10,999"
"SAMSUNG Galaxy F62 (Laser Green, 128 GB)",4.3,"15,971",8 GB RAM , 128 GB ROM ,17.02 cm (6.7 inch) Full HD+ Display,64MP + 12MP + 5MP + 5MP | 32MP Front Camera,7000 mAh Lithium-ion Battery,"₹31,999",18% off,"₹25,999"
"SAMSUNG Galaxy F62 (Laser Blue, 128 GB)",4.3,"15,971",8 GB RAM , 128 GB ROM ,17.02 cm (6.7 inch) Full HD+ Display,64MP + 12MP + 5MP + 5MP | 32MP Front Camera,7000 mAh Lithium-ion Battery,"₹31,999",18% off,"₹25,999"
"SAMSUNG Galaxy M31 (Space Black, 128 GB)",4.3,996,8 GB RAM , 128 GB ROM ,16.26 cm (6.4 inch) Full HD+ Display,64MP + 8MP + 5MP + 5MP | 32MP Front Camera,6000 mAh Battery,"₹19,900",7% off,"₹18,489"
"SAMSUNG Galaxy F02s (Diamond Blue, 64 GB)",4.2,962,4 GB RAM , 64 GB ROM ,16.55 cm (6.515 inch) HD+ Display,13MP + 2MP + 2MP | 5MP Front Camera,5000 mAh Lithium-ion Battery,"₹11,499",13% off,"₹9,999"
"SAMSUNG M31 (Ocean Blue, 128 GB)",4.3,"4,468",6 GB RAM , 128 GB ROM ,16.26 cm (6.4 inch) Full HD+ Display,64MP + 8MP + 5MP + 5MP | 32MP Front Camera,6000 mAh Battery,"₹17,499",9% off,"₹15,902"
"SAMSUNG Galaxy F62 (Laser Grey, 128 GB)",4.3,"15,971",8 GB RAM , 128 GB ROM ,17.02 cm (6.7 inch) Full HD+ Display,64MP + 12MP + 5MP + 5MP | 32MP Front Camera,7000 mAh Lithium-ion Battery,"₹31,999",18% off,"₹25,999"
"SAMSUNG Galaxy M21 (Midnight Blue, 64 GB)",4.3,"6,921",4 GB RAM , 64 GB ROM ,16.26 cm (6.4 inch) Full HD+ Display,48MP + 8MP + 5MP | 20MP Front Camera,6000 mAh Battery,"₹15,999",13% off,"₹13,850"
"SAMSUNG Galaxy M31 (Space Black, 128 GB)",4.3,"7,192",6 GB RAM , 128 GB ROM ,16.26 cm (6.4 inch) Full HD+ Display,64MP + 8MP + 5MP + 5MP | 32MP Front Camera,6000 mAh Battery,"₹17,499",5% off,"₹16,480"
"SAMSUNG Galaxy M12 (Black, 64 GB)",4.3,"1,144",4 GB RAM , 64 GB ROM,16.51 cm (6.5 inch) Display,48MP Rear Camera,6000 mAh Battery,0,0,"₹11,290"
"SAMSUNG Galaxy F41 (Fusion Green, 128 GB)",4.3,"3,05,200",6 GB RAM , 128 GB ROM ,16.26 cm (6.4 inch) Full HD+ Display,64MP + 8MP + 5MP | 32MP Front Camera,6000 mAh Lithium-ion Battery,"₹20,999",30% off,"₹14,499"
"SAMSUNG Galaxy M11 (Black, 64 GB)",4.3,"7,137",4 GB RAM , 64 GB ROM ,16.26 cm (6.4 inch) HD+ Display,13MP + 5MP + 2MP | 8MP Front Camera,5000 mAh Lithium-ion Battery,"₹10,587",5% off,"₹9,962"
"SAMSUNG Galaxy F02s (Diamond Blue, 32 GB)",4.2,"1,131",3 GB RAM , 32 GB ROM ,16.55 cm (6.515 inch) HD+ Display,13MP + 2MP + 2MP | 5MP Front Camera,5000 mAh Lithium-ion Battery,"₹10,499",14% off,"₹8,999"
"SAMSUNG GALAXY M51 (Celestial Black, 128 GB)",4.4,"1,157",6 GB RAM , 128 GB ROM,17.02 cm (6.7 inch) Display,64MP Rear Camera,7000 mAh Battery,"₹22,529",0,"₹22,387"
"SAMSUNG Galaxy A31 (Prism Crush Blue, 128 GB)",4.3,"9,790",6 GB RAM , 128 GB ROM ,16.26 cm (6.4 inch) Full HD+ Display,48MP + 8MP + 5MP + 5MP | 20MP Front Camera,5000 mAh Lithium-ion Battery,"₹23,999",29% off,"₹16,999"
"SAMSUNG Galaxy A21s (Blue, 64 GB)",4.2,"20,028",4 GB RAM , 64 GB ROM ,16.51 cm (6.5 inch) HD+ Display,48MP + 8MP + 2MP + 2MP | 13MP Front Camera,5000 mAh Lithium-ion Battery,"₹17,999",27% off,"₹12,999"
"SAMSUNG Galaxy M02 (Blue, 32 GB)",4,661,3 GB RAM , 32 GB ROM,16.64 cm (6.55 inch) Full HD+ Display,13MP + 2MP | 5MP Front Camera,5000 mAh Battery,0,0,"₹8,258"
"SAMSUNG Galaxy M21 (Raven Black, 64 GB)",4.3,"6,921",4 GB RAM , 64 GB ROM ,16.26 cm (6.4 inch) Full HD+ Display,48MP + 8MP + 5MP | 20MP Front Camera,6000 mAh Battery,"₹15,999",15% off,"₹13,570"
"SAMSUNG Galaxy F12 (Celestial Black, 128 GB)",4.2,"40,455",4 GB RAM , 128 GB ROM ,16.55 cm (6.515 inch) HD+ Display,48MP + 5MP + 2MP + 2MP | 8MP Front Camera,6000 mAh Lithium-ion Battery,"₹13,999",21% off,"₹10,999"
"SAMSUNG Galaxy M02 (Blue, 32 GB)",4.1,470,2 GB RAM , 32 GB ROM,16.64 cm (6.55 inch) Full HD+ Display,13MP + 2MP | 5MP Front Camera,5000 mAh Battery,0,0,"₹7,899"
"SAMSUNG Galaxy M42 5G (Prism Dot Black, 128 GB)",4.4,242,6 GB RAM , 128 GB ROM ,16.76 cm (6.6 inch) HD+ Display,48MP Rear Camera,5000 mAh Battery,"₹23,200",0,"₹22,999"
"SAMSUNG Galaxy M51 (Electric Blue, 128 GB)",4.4,496,8 GB RAM , 128 GB ROM,17.02 cm (6.7 inch) Display,64MP Rear Camera,7000 mAh Battery,0,0,"₹25,602"
"SAMSUNG Galaxy M12 (Blue, 64 GB)",4.3,"1,144",4 GB RAM , 64 GB ROM,16.51 cm (6.5 inch) Display,48MP Rear Camera,6000 mAh Battery,"₹11,250",0,"₹11,218"
"SAMSUNG Galaxy A31 (Prism Crush White, 128 GB)",4.3,"9,790",6 GB RAM , 128 GB ROM ,16.26 cm (6.4 inch) Full HD+ Display,48MP + 8MP + 5MP + 5MP | 20MP Front Camera,5000 mAh Lithium-ion Battery,"₹23,999",29% off,"₹16,999"
"SAMSUNG M31s (Mirage Blue, 128 GB)",4.2,196,8 GB RAM , 128 GB ROM ,16.51 cm (6.5 inch) Full HD+ Display,64MP + 12MP | 32MP Front Camera,6000 mAh Battery,"₹22,789",6% off,"₹21,268"
"SAMSUNG Galaxy M11 (Violet, 64 GB)",4.3,"7,137",4 GB RAM , 64 GB ROM ,16.26 cm (6.4 inch) HD+ Display,13MP + 5MP + 2MP | 8MP Front Camera,5000 mAh Lithium-ion Battery,"₹10,685",7% off,"₹9,868"
"SAMSUNG Galaxy M31 (Ocean Blue, 128 GB)",4.3,996,8 GB RAM , 128 GB ROM ,16.26 cm (6.4 inch) Full HD+ Display,64MP + 8MP + 5MP + 5MP | 32MP Front Camera,6000 mAh Battery,"₹19,502",2% off,"₹18,980"
"SAMSUNG M31 Prime (Space Black, 128 GB)",4.4,650,6 GB RAM , 128 GB ROM,16.26 cm (6.4 inch) Display,64MP Rear Camera,6000 mAh Battery,0,0,"₹16,990"
"SAMSUNG Galaxy M11 (Metallic Blue, 64 GB)",4.3,"7,137",4 GB RAM , 64 GB ROM ,16.26 cm (6.4 inch) HD+ Display,13MP + 5MP + 2MP | 8MP Front Camera,5000 mAh Lithium-ion Battery,"₹13,202",24% off,"₹9,909"
"SAMSUNG M31 Prime (IceBerg Blue, 128 GB)",4.4,650,6 GB RAM , 128 GB ROM,16.26 cm (6.4 inch) Display,64MP Rear Camera,6000 mAh Battery,"₹18,490",8% off,"₹16,990"
"SAMSUNG Galaxy M31 (Space Black, 64 GB)",4.3,"7,192",6 GB RAM , 64 GB ROM ,16.26 cm (6.4 inch) Full HD+ Display,64MP + 8MP + 5MP + 5MP | 32MP Front Camera,6000 mAh Battery,"₹16,499",1% off,"₹16,199"
"SAMSUNG Galaxy A51 (Prism Crush Black, 128 GB)",4.3,"3,749",8 GB RAM , 128 GB ROM ,16.51 cm (6.5 inch) Full HD+ Display,48MP + 12MP + 5MP + 5MP | 32MP Front Camera,4000 mAh Lithium-ion Battery,"₹29,999",25% off,"₹22,499"
"SAMSUNG Galaxy A12 (Blue, 64 GB)",4.2,"1,663",4 GB RAM , 64 GB ROM ,16.51 cm (6.5 inch) HD+ Display,48MP + 5MP + 2MP + 2MP | 8MP Front Camera,5000 mAh Battery,"₹13,999",7% off,"₹12,999"
"SAMSUNG Galaxy A51 (Prism Crush Blue, 128 GB)",4.3,"3,749",8 GB RAM , 128 GB ROM ,16.51 cm (6.5 inch) Full HD+ Display,48MP + 12MP + 5MP + 5MP | 32MP Front Camera,4000 mAh Lithium-ion Battery,"₹29,999",25% off,"₹22,499"
"SAMSUNG Galaxy M42 5G (Prism Dot Gray, 128 GB)",4.4,242,6 GB RAM , 128 GB ROM ,16.76 cm (6.6 inch) HD+ Display,48MP Rear Camera,5000 mAh Battery,"₹23,200",2% off,"₹22,599"
"SAMSUNG Galaxy A21s (Black, 128 GB)",4.2,"6,867",6 GB RAM , 128 GB ROM ,16.51 cm (6.5 inch) HD+ Display,48MP + 8MP + 2MP + 2MP | 13MP Front Camera,5000 mAh Lithium-ion Battery,"₹18,999",7% off,"₹17,499"
"SAMSUNG Galaxy A12 (Black, 128 GB)",4.2,"1,663",4 GB RAM , 128 GB ROM ,16.51 cm (6.5 inch) HD+ Display,48MP + 5MP + 2MP + 2MP | 8MP Front Camera,5000 mAh Battery,"₹14,999",6% off,"₹13,999"
"SAMSUNG Galaxy A71 (Haze Crush Silver, 128 GB)",4.4,"6,378",8 GB RAM , 128 GB ROM ,17.02 cm (6.7 inch) Full HD+ Display,64MP + 12MP + 5MP + 5MP | 32MP Front Camera,4500 mAh Lithium-ion Battery,"₹34,999",21% off,"₹27,499"
"SAMSUNG M02s (Blue, 64 GB)",4.2,726,4 GB RAM , 64 GB ROM,16.51 cm (6.5 inch) Full HD+ Display,13MP + 2MP + 2MP | 5MP Front Camera,5000 mAh Battery,0,0,"₹10,199"
"SAMSUNG M02s (Red, 32 GB)",4.1,353,3 GB RAM , 32 GB ROM,16.51 cm (6.5 inch) Full HD+ Display,13MP + 2MP + 2MP | 5MP Front Camera,5000 mAh Battery,"₹9,690",6% off,"₹9,087"
"SAMSUNG GALAXY M31S (Mirage Black, 128 GB)",4.4,104,8 GB RAM , 128 GB ROM,16.51 cm (6.5 inch) Display,64MP Rear Camera,6000 mAh Battery,"₹23,999",12% off,"₹20,885"
"SAMSUNG Galaxy M31s (Mirage Blue, 128 GB)",4.2,"1,058",6 GB RAM , 128 GB ROM,16.51 cm (6.5 inch) Display,64MP Rear Camera,6000 mAh Battery,"₹22,495",14% off,"₹19,128"
"SAMSUNG Galaxy M01 (Blue, 32 GB)",4.2,"19,059",3 GB RAM , 32 GB ROM ,14.48 cm (5.7 inch) HD+ Display,13MP + 2MP | 5MP Front Camera,4000 mAh Lithium-ion Battery,0,0,"₹8,336"
"SAMSUNG Galaxy M02 (Black, 32 GB)",4.1,470,2 GB RAM , 32 GB ROM,16.64 cm (6.55 inch) Full HD+ Display,13MP + 2MP | 5MP Front Camera,5000 mAh Battery,0,0,"₹7,899"
"SAMSUNG Galaxy M02 (Gray, 32 GB)",4.1,470,2 GB RAM , 32 GB ROM,16.64 cm (6.55 inch) Full HD+ Display,13MP + 2MP | 5MP Front Camera,5000 mAh Battery,0,0,"₹7,899"
"SAMSUNG Galaxy F62 (Laser Blue, 128 GB)",4.2,"32,727",6 GB RAM , 128 GB ROM ,17.02 cm (6.7 inch) Full HD+ Display,64MP + 12MP + 5MP + 5MP | 32MP Front Camera,7000 mAh Lithium-ion Battery,"₹29,999",20% off,"₹23,999"
"SAMSUNG Galaxy A12 (Blue, 128 GB)",4.2,"1,663",4 GB RAM , 128 GB ROM ,16.51 cm (6.5 inch) HD+ Display,48MP + 5MP + 2MP + 2MP | 8MP Front Camera,5000 mAh Battery,"₹14,999",6% off,"₹13,999"
"SAMSUNG Galaxy A31 (Prism Crush Black, 128 GB)",4.3,"9,790",6 GB RAM , 128 GB ROM ,16.26 cm (6.4 inch) Full HD+ Display,48MP + 8MP + 5MP + 5MP | 20MP Front Camera,5000 mAh Lithium-ion Battery,"₹23,999",29% off,"₹16,999"
"SAMSUNG Galaxy M31s (Mirage Black, 128 GB)",4.2,"1,058",6 GB RAM , 128 GB ROM,16.51 cm (6.5 inch) Display,64MP Rear Camera,6000 mAh Battery,0,0,"₹20,400"
"SAMSUNG Galaxy F02s (Diamond Black, 32 GB)",4.2,"1,131",3 GB RAM , 32 GB ROM ,16.55 cm (6.515 inch) HD+ Display,13MP + 2MP + 2MP | 5MP Front Camera,5000 mAh Lithium-ion Battery,"₹10,499",14% off,"₹8,999"
"SAMSUNG Galaxy M02 (Black, 32 GB)",4,661,3 GB RAM , 32 GB ROM,16.64 cm (6.55 inch) Full HD+ Display,13MP + 2MP | 5MP Front Camera,5000 mAh Battery,0,0,"₹8,283"
"SAMSUNG Galaxy A12 (Black, 64 GB)",4.2,"1,663",4 GB RAM , 64 GB ROM ,16.51 cm (6.5 inch) HD+ Display,48MP + 5MP + 2MP + 2MP | 8MP Front Camera,5000 mAh Battery,"₹13,999",7% off,"₹12,999"
"SAMSUNG Galaxy M02 (Red, 32 GB)",4,661,3 GB RAM , 32 GB ROM,16.64 cm (6.55 inch) Full HD+ Display,13MP + 2MP | 5MP Front Camera,5000 mAh Battery,0,0,"₹8,257"
"SAMSUNG Galaxy A51 (Prism Crush Black, 128 GB)",4.3,"9,563",6 GB RAM , 128 GB ROM ,16.51 cm (6.5 inch) Full HD+ Display,48MP + 12MP + 5MP + 5MP | 32MP Front Camera,4000 mAh Lithium-ion Battery,"₹25,999",19% off,"₹20,999"
"SAMSUNG Galaxy F02s (Diamond Black, 64 GB)",4.2,962,4 GB RAM , 64 GB ROM ,16.55 cm (6.515 inch) HD+ Display,13MP + 2MP + 2MP | 5MP Front Camera,5000 mAh Lithium-ion Battery,"₹11,499",13% off,"₹9,999"
"SAMSUNG Galaxy F02s (Diamond White, 64 GB)",4.2,962,4 GB RAM , 64 GB ROM ,16.55 cm (6.515 inch) HD+ Display,13MP + 2MP + 2MP | 5MP Front Camera,5000 mAh Lithium-ion Battery,"₹11,499",13% off,"₹9,999"
"SAMSUNG Galaxy M11 (Violet, 32 GB)",4.2,"10,175",3 GB RAM , 32 GB ROM ,16.26 cm (6.4 inch) HD+ Display,13MP + 5MP + 2MP | 8MP Front Camera,5000 mAh Lithium-ion Battery,"₹10,349",3% off,"₹9,990"
"SAMSUNG Galaxy A21s (Blue, 128 GB)",4.2,"6,867",6 GB RAM , 128 GB ROM ,16.51 cm (6.5 inch) HD+ Display,48MP + 8MP + 2MP + 2MP | 13MP Front Camera,5000 mAh Lithium-ion Battery,"₹18,999",7% off,"₹17,499"
"SAMSUNG Galaxy A21s (Silver, 128 GB)",4.2,"6,867",6 GB RAM , 128 GB ROM ,16.51 cm (6.5 inch) HD+ Display,48MP + 8MP + 2MP + 2MP | 13MP Front Camera,5000 mAh Lithium-ion Battery,"₹18,999",7% off,"₹17,499"
"SAMSUNG Galaxy F62 (Laser Grey, 128 GB)",4.2,"32,727",6 GB RAM , 128 GB ROM ,17.02 cm (6.7 inch) Full HD+ Display,64MP + 12MP + 5MP + 5MP | 32MP Front Camera,7000 mAh Lithium-ion Battery,"₹29,999",20% off,"₹23,999"
"SAMSUNG Galaxy F41 (Fusion Blue, 64 GB)",4.3,"3,05,200",6 GB RAM , 64 GB ROM ,16.26 cm (6.4 inch) Full HD+ Display,64MP + 8MP + 5MP | 32MP Front Camera,6000 mAh Lithium-ion Battery,"₹19,999",20% off,"₹15,999"
"SAMSUNG Galaxy F41 (Fusion Green, 64 GB)",4.3,"3,05,200",6 GB RAM , 64 GB ROM ,16.26 cm (6.4 inch) Full HD+ Display,64MP + 8MP + 5MP | 32MP Front Camera,6000 mAh Lithium-ion Battery,"₹19,999",20% off,"₹15,999"
"SAMSUNG Galaxy A32 (Awesome Black, 128 GB)",4.2,"1,285",6 GB RAM , 128 GB ROM,16.26 cm (6.4 inch) Display,64MP Rear Camera,5000 mAh Battery,"₹24,999",18% off,"₹20,499"
"SAMSUNG Galaxy M02 (Gray, 32 GB)",4,661,3 GB RAM , 32 GB ROM,16.64 cm (6.55 inch) Full HD+ Display,13MP + 2MP | 5MP Front Camera,5000 mAh Battery,0,0,"₹8,237"
"SAMSUNG M31 Prime (Ocean Blue, 128 GB)",4.4,650,6 GB RAM , 128 GB ROM,16.26 cm (6.4 inch) Display,64MP Rear Camera,6000 mAh Battery,"₹17,999",5% off,"₹16,990"
"SAMSUNG M02s (Blue, 32 GB)",4.1,353,3 GB RAM , 32 GB ROM,16.51 cm (6.5 inch) Full HD+ Display,13MP + 2MP + 2MP | 5MP Front Camera,5000 mAh Battery,"₹9,613",6% off,"₹8,967"
"SAMSUNG Galaxy A51 (Prism Crush Blue, 128 GB)",4.3,"9,563",6 GB RAM , 128 GB ROM ,16.51 cm (6.5 inch) Full HD+ Display,48MP + 12MP + 5MP + 5MP | 32MP Front Camera,4000 mAh Lithium-ion Battery,"₹25,999",19% off,"₹20,999"
"SAMSUNG Galaxy M11 (Metallic Blue, 32 GB)",4.2,"10,175",3 GB RAM , 32 GB ROM ,16.26 cm (6.4 inch) HD+ Display,13MP + 5MP + 2MP | 8MP Front Camera,5000 mAh Lithium-ion Battery,"₹10,305",2% off,"₹10,085"
"SAMSUNG Galaxy A21s (Blue, 64 GB)",4.2,"6,867",6 GB RAM , 64 GB ROM ,16.51 cm (6.5 inch) HD+ Display,48MP + 8MP + 2MP + 2MP | 13MP Front Camera,5000 mAh Lithium-ion Battery,0,0,"₹19,999"
"SAMSUNG Galaxy M51 (Celestial Black, 128 GB)",4.4,496,8 GB RAM , 128 GB ROM,17.02 cm (6.7 inch) Display,64MP Rear Camera,7000 mAh Battery,0,0,"₹25,718"
"SAMSUNG Galaxy A12 (White, 128 GB)",4.2,"1,663",4 GB RAM , 128 GB ROM ,16.51 cm (6.5 inch) HD+ Display,48MP + 5MP + 2MP + 2MP | 8MP Front Camera,5000 mAh Battery,"₹14,999",6% off,"₹13,999"
"SAMSUNG Galaxy F41 (Fusion Black, 64 GB)",4.3,"3,05,200",6 GB RAM , 64 GB ROM ,16.26 cm (6.4 inch) Full HD+ Display,64MP + 8MP + 5MP | 32MP Front Camera,6000 mAh Lithium-ion Battery,"₹19,999",20% off,"₹15,999"
"SAMSUNG Galaxy A70s (Prism Crush Red, 128 GB)",4.4,"1,100",8 GB RAM , 128 GB ROM ,17.02 cm (6.7 inch) Full HD+ Display,64MP + 5MP + 8MP | 32MP Front Camera,4500 mAh Lithium Ion Battery,0,0,"₹33,100"
"SAMSUNG Galaxy A51 (Haze Crush Silver, 128 GB)",4.3,"3,749",8 GB RAM , 128 GB ROM ,16.51 cm (6.5 inch) Full HD+ Display,48MP + 12MP + 5MP + 5MP | 32MP Front Camera,4000 mAh Lithium-ion Battery,"₹29,999",25% off,"₹22,499"
"SAMSUNG GALAXY M51 (ELECTRIC BLUE, 128 GB)",4.4,"1,157",6 GB RAM , 128 GB ROM,17.02 cm (6.7 inch) Display,64MP Rear Camera,7000 mAh Battery,0,0,"₹22,490"
"SAMSUNG Galaxy A51 (Haze Crush Silver, 128 GB)",4.3,"9,563",6 GB RAM , 128 GB ROM ,16.51 cm (6.5 inch) Full HD+ Display,48MP + 12MP + 5MP + 5MP | 32MP Front Camera,4000 mAh Lithium-ion Battery,"₹25,999",19% off,"₹20,999"
"SAMSUNG Galaxy S21 Plus (Phantom Violet, 256 GB)",4.4,162,8 GB RAM , 256 GB ROM,17.02 cm (6.7 inch) Full HD+ Display,64MP + 12MP + 12MP | 10MP Front Camera,4800 mAh Lithium-ion Battery,"₹1,04,999",27% off,"₹75,999"
"SAMSUNG Galaxy A12 (White, 64 GB)",4.2,"1,663",4 GB RAM , 64 GB ROM ,16.51 cm (6.5 inch) HD+ Display,48MP + 5MP + 2MP + 2MP | 8MP Front Camera,5000 mAh Battery,"₹13,999",7% off,"₹12,999"
"SAMSUNG Galaxy A20s (Black, 64 GB)",4.3,"1,151",4 GB RAM , 64 GB ROM ,16.51 cm (6.5 inch) HD+ Display,13MP + 8MP + 5MP | 8MP Front Camera,4000 mAh Lithium Ion Battery,0,0,"₹14,750"
"SAMSUNG Galaxy A32 (Awesome White, 128 GB)",4.2,"1,285",6 GB RAM , 128 GB ROM ,16.26 cm (6.4 inch) Full HD+ Display,64MP + 8MP + 5MP + 5MP | 20MP Front Camera,5000 mAh Lithium-ion Battery,0,0,"₹20,599"
"SAMSUNG Galaxy A21s (Black, 64 GB)",4.2,"20,028",4 GB RAM , 64 GB ROM ,16.51 cm (6.5 inch) HD+ Display,48MP + 8MP + 2MP + 2MP | 13MP Front Camera,5000 mAh Lithium-ion Battery,0,0,"₹17,999"
"SAMSUNG Galaxy M01 (Black, 32 GB)",4.2,"19,059",3 GB RAM , 32 GB ROM ,14.48 cm (5.7 inch) HD+ Display,13MP + 2MP | 5MP Front Camera,4000 mAh Lithium-ion Battery,"₹9,999",15% off,"₹8,499"
"SAMSUNG Galaxy M31 (Iceberg blue, 128 GB)",4.3,"7,192",6 GB RAM , 128 GB ROM ,16.26 cm (6.4 inch) Full HD+ Display,64MP + 8MP + 5MP + 5MP | 32MP Front Camera,6000 mAh Battery,"₹16,500",1% off,"₹16,287"
"SAMSUNG Galaxy A21s (Black, 64 GB)",4.2,"6,867",6 GB RAM , 64 GB ROM ,16.51 cm (6.5 inch) HD+ Display,48MP + 8MP + 2MP + 2MP | 13MP Front Camera,5000 mAh Lithium-ion Battery,0,0,"₹19,999"
"SAMSUNG Galaxy M01s  (Light Blue, 32 GB)",4.2,525,3 GB RAM , 32 GB ROM ,15.75 cm (6.2 inch) Full HD+ Display,13MP + 2MP | 8MP Front Camera,4000 mAh Battery,0,0,"₹10,990"
"SAMSUNG Galaxy S20+ (Cosmic Gray, 128 GB)",4.4,"18,874",8 GB RAM , 128 GB ROM ,17.02 cm (6.7 inch) Quad HD+ Display,64 MP + 12 MP +12 MP + VGA Depth Camera | 10MP Front Camera,4500 mAh Lithium-ion Battery,"₹83,000",33% off,"₹54,999"
"SAMSUNG M02s (Black, 64 GB)",4.2,726,4 GB RAM , 64 GB ROM,16.51 cm (6.5 inch) Full HD+ Display,13MP + 2MP + 2MP | 5MP Front Camera,5000 mAh Battery,0,0,"₹10,178"
"SAMSUNG Galaxy M30S (Quartz Green, 128 GB)",4.3,"4,133",4 GB RAM , 128 GB ROM,16.26 cm (6.4 inch) Display,48MP Rear Camera,6000 mAh Battery,0,0,"₹17,490"
"SAMSUNG Galaxy F62 (Laser Green, 128 GB)",4.2,"32,728",6 GB RAM , 128 GB ROM ,17.02 cm (6.7 inch) Full HD+ Display,64MP + 12MP + 5MP + 5MP | 32MP Front Camera,7000 mAh Lithium-ion Battery,"₹29,999",20% off,"₹23,999"
"SAMSUNG Galaxy M12 (White, 64 GB)",4.3,"1,144",4 GB RAM , 64 GB ROM,16.51 cm (6.5 inch) Display,48MP Rear Camera,6000 mAh Battery,"₹11,998",4% off,"₹11,440"
"SAMSUNG Galaxy M01 (Red, 32 GB)",4.2,"19,059",3 GB RAM , 32 GB ROM ,14.48 cm (5.7 inch) HD+ Display,13MP + 2MP | 5MP Front Camera,4000 mAh Lithium-ion Battery,"₹9,999",15% off,"₹8,499"
"SAMSUNG Galaxy F02s (Diamond White, 32 GB)",4.2,"1,131",3 GB RAM , 32 GB ROM ,16.55 cm (6.515 inch) HD+ Display,13MP + 2MP + 2MP | 5MP Front Camera,5000 mAh Lithium-ion Battery,"₹10,499",14% off,"₹8,999"
"SAMSUNG Galaxy F02s (Diamond White, 32 GB)",4.2,"1,131",3 GB RAM , 32 GB ROM ,16.55 cm (6.515 inch) HD+ Display,13MP + 2MP + 2MP | 5MP Front Camera,5000 mAh Lithium-ion Battery,"₹10,499",14% off,"₹8,999"
"SAMSUNG Galaxy S20 FE (Cloud Navy, 128 GB)",4,500,8 GB RAM , 128 GB ROM ,16.51 cm (6.5 inch) Full HD+ Display,12MP + 12MP + 8MP Rear Camera | 32MP Front Camera,4500 mAh Lithium Ion Battery,"₹65,999",42% off,"₹37,990"
"SAMSUNG Galaxy M31 (Ocean Blue, 64 GB)",4.3,"7,190",6 GB RAM , 64 GB ROM ,16.26 cm (6.4 inch) Full HD+ Display,64MP + 8MP + 5MP + 5MP | 32MP Front Camera,6000 mAh Battery,0,0,"₹16,299"
"SAMSUNG M02s (Black, 32 GB)",4.1,354,3 GB RAM , 32 GB ROM,16.51 cm (6.5 inch) Full HD+ Display,13MP + 2MP + 2MP | 5MP Front Camera,5000 mAh Battery,"₹9,699",7% off,"₹8,965"
"SAMSUNG Galaxy A50 (Blue, 64 GB)",4.4,"11,327",6 GB RAM , 64 GB ROM ,16.26 cm (6.4 inch) Full HD+ Display,25MP + 5MP + 8MP | 25MP Front Camera,4000 mAh Lithium-ion Battery,0,0,"₹24,000"
"SAMSUNG Galaxy S21 Plus (Phantom Black, 256 GB)",4.4,162,8 GB RAM , 256 GB ROM,17.02 cm (6.7 inch) Full HD+ Display,64MP + 12MP + 12MP | 10MP Front Camera,4800 mAh Lithium-ion Battery,"₹1,04,999",27% off,"₹75,999"
"SAMSUNG Galaxy S21 Plus (Phantom Black, 128 GB)",4.4,162,8 GB RAM , 128 GB ROM,17.02 cm (6.7 inch) Full HD+ Display,64MP + 12MP + 12MP | 10MP Front Camera,4800 mAh Lithium-ion Battery,"₹1,00,999",28% off,"₹71,999"
"SAMSUNG Galaxy S20 FE (Cloud White, 128 GB)",4,500,8 GB RAM , 128 GB ROM ,16.51 cm (6.5 inch) Full HD+ Display,12MP + 12MP + 8MP Rear Camera | 32MP Front Camera,4500 mAh Lithium Ion Battery,"₹65,999",42% off,"₹37,990"
"SAMSUNG Galaxy S21 Ultra (Phantom Silver, 256 GB)",4.5,493,12 GB RAM , 256 GB ROM,17.27 cm (6.8 inch) Quad HD+ Display,108MP + 12MP + 10MP + 10MP | 40MP Front Camera,5000 mAh Lithium-ion Battery,"₹1,28,999",17% off,"₹1,05,999"
"SAMSUNG Galaxy S20 FE (Cloud Lavender, 128 GB)",4,500,8 GB RAM , 128 GB ROM ,16.51 cm (6.5 inch) Full HD+ Display,12MP + 12MP + 8MP Rear Camera | 32MP Front Camera,4500 mAh Lithium Ion Battery,"₹65,999",42% off,"₹37,990"
"SAMSUNG Galaxy S21 Plus (Phantom Violet, 128 GB)",4.4,162,8 GB RAM , 128 GB ROM,17.02 cm (6.7 inch) Full HD+ Display,64MP + 12MP + 12MP | 10MP Front Camera,4800 mAh Lithium-ion Battery,"₹1,00,999",28% off,"₹71,999"
"SAMSUNG Galaxy M40 (Seawater Blue, 128 GB)",4.2,"1,201",6 GB RAM , 128 GB ROM,16.0 cm (6.3 inch) Display,32MP Rear Camera,3500 mAh Battery,0,0,"₹15,490"
"SAMSUNG Galaxy M40 (Midnight Blue, 128 GB)",4.2,"1,201",6 GB RAM , 128 GB ROM,16.0 cm (6.3 inch) Display,32MP Rear Camera,3500 mAh Battery,0,0,"₹14,990"
"SAMSUNG Galaxy A21s (White, 64 GB)",4.2,"6,866",6 GB RAM , 64 GB ROM ,16.51 cm (6.5 inch) HD+ Display,48MP + 8MP + 2MP + 2MP | 13MP Front Camera,5000 mAh Lithium-ion Battery,0,0,"₹15,999"
"SAMSUNG Galaxy Note 20 Ultra 5G (Mystic Black, 256 GB)",4.5,206,12 GB RAM , 256 GB ROM ,17.53 cm (6.9 inch) Quad HD+ Display,108MP + 12MP + 12MP | 10MP Front Camera,4500 mAh Lithium-ion Battery,"₹1,16,000",20% off,"₹91,999"
"SAMSUNG Galaxy M30 (Gradation Blue, 64 GB)",4.4,"4,189",4 GB RAM , 64 GB ROM,16.26 cm (6.4 inch) Display,13MP Rear Camera,5000 mAh Battery,0,0,"₹13,490"
"SAMSUNG Galaxy M21 (Raven Black, 128 GB)",4.2,"1,417",6 GB RAM , 128 GB ROM ,16.26 cm (6.4 inch) Full HD+ Display,48MP + 8MP + 5MP | 20MP Front Camera,6000 mAh Battery,0,0,"₹15,990"
"SAMSUNG Galaxy M30 (Gradation Black, 64 GB)",4.4,"4,189",4 GB RAM , 64 GB ROM,16.26 cm (6.4 inch) Display,13MP Rear Camera,5000 mAh Battery,0,0,"₹13,490"
"SAMSUNG Galaxy S21 Plus (Phantom Silver, 256 GB)",4.4,162,8 GB RAM , 256 GB ROM,17.02 cm (6.7 inch) Full HD+ Display,64MP + 12MP + 12MP | 10MP Front Camera,4800 mAh Lithium-ion Battery,"₹1,04,999",27% off,"₹75,999"
"SAMSUNG Galaxy M12 (Black, 128 GB)",4.2,258,6 GB RAM , 128 GB ROM,16.51 cm (6.5 inch) Display,48MP Rear Camera,6000 mAh Battery,0,0,"₹14,989"
"SAMSUNG Galaxy A32 (Awesome Blue, 128 GB)",4.2,"1,282",6 GB RAM , 128 GB ROM ,16.26 cm (6.4 inch) Full HD+ Display,64MP + 8MP + 5MP + 5MP | 20MP Front Camera,5000 mAh Lithium-ion Battery,"₹24,999",18% off,"₹20,499"
"SAMSUNG Galaxy M30S (Blue, 128 GB)",4.3,"4,133",4 GB RAM , 128 GB ROM ,16.26 cm (6.4 inch) Display,48MP + 8MP | 16MP Front Camera,6000 mAh Battery,"₹16,949",5% off,"₹15,990"
"SAMSUNG Galaxy M30s (Black, 64 GB)",4.3,"4,133",4 GB RAM , 64 GB ROM ,16.26 cm (6.4 inch) Full HD Display,48MP Rear Camera | 16MP Front Camera,6000 mAh Battery,0,0,"₹15,490"
"SAMSUNG M01 core (Red, 32 GB)",3.9,"7,714",2 GB RAM , 32 GB ROM ,13.46 cm (5.3 inch) Full HD+ Display,8MP Rear Camera | 5MP Front Camera,3000 mAh Battery,0,0,"₹7,999"
"SAMSUNG Galaxy S21 Plus (Phantom Silver, 256 GB)",4.4,162,8 GB RAM , 256 GB ROM,17.02 cm (6.7 inch) Full HD+ Display,64MP + 12MP + 12MP | 10MP Front Camera,4800 mAh Lithium-ion Battery,"₹1,04,999",27% off,"₹75,999"
"SAMSUNG Galaxy M30 (Gradation Black, 64 GB)",4.4,"4,190",4 GB RAM , 64 GB ROM,16.26 cm (6.4 inch) Display,13MP Rear Camera,5000 mAh Battery,0,0,"₹13,490"
"SAMSUNG Galaxy A9 (Caviar Black, 128 GB)",4.3,569,8 GB RAM , 128 GB ROM ,16.0 cm (6.3 inch) Full HD+ Display,24MP + 5MP + 10MP + 8MP | 24MP Front Camera,3800 mAh Lithium-ion Battery,"₹28,490",1% off,"₹27,990"
"SAMSUNG Galaxy M30s (Blue, 64 GB)",4.3,"4,133",4 GB RAM , 64 GB ROM ,16.26 cm (6.4 inch) Full HD Display,48MP Rear Camera | 16MP Front Camera,6000 mAh Battery,0,0,"₹14,990"
"SAMSUNG Galaxy S10 Lite (Prism Black, 512 GB)",4.5,"12,693",8 GB RAM , 512 GB ROM ,17.02 cm (6.7 inch) Full HD+ Display,48MP + 12MP + 5MP | 32MP Front Camera,4500 mAh Lithium-ion Battery,0,0,"₹45,999"
"SAMSUNG Galaxy A7 (Gold, 64 GB)",4.4,"12,915",4 GB RAM , 64 GB ROM ,15.24 cm (6 inch) Full HD+ Display,24MP + 5MP + 8MP | 24MP Front Camera,3300 mAh Lithium-ion Battery,0,0,"₹22,300"
"SAMSUNG Galaxy M30 (Gradation Blue, 128 GB)",4.3,343,6 GB RAM , 128 GB ROM,16.26 cm (6.4 inch) Display,13MP Rear Camera,5000 mAh Battery,0,0,"₹16,490"
"SAMSUNG Galaxy S21 Plus (Phantom Silver, 128 GB)",4.4,162,8 GB RAM , 128 GB ROM,17.02 cm (6.7 inch) Full HD+ Display,64MP + 12MP + 12MP | 10MP Front Camera,4800 mAh Lithium-ion Battery,"₹1,00,999",28% off,"₹71,999"
"SAMSUNG Galaxy A70s (Prism Crush White, 128 GB)",4.4,"1,100",8 GB RAM , 128 GB ROM ,17.02 cm (6.7 inch) Full HD+ Display,64MP + 5MP + 8MP | 32MP Front Camera,4500 mAh Lithium Ion Battery,0,0,"₹33,100"
"SAMSUNG Galaxy A80 (Phantom Black, 128 GB)",4.4,"5,392",8 GB RAM , 128 GB ROM,17.02 cm (6.7 inch) Full HD+ Display,48MP + 8MP | 48MP(F2.0) + 8MP(Ultra Wide/F2.2) + TOF (Time-of-Flight) 3D-Depth Rotating Camera,3700 mAh Battery,0,0,"₹52,000"
"SAMSUNG Galaxy A6+ (Blue, 64 GB)",4.4,"4,215",4 GB RAM , 64 GB ROM,15.24 cm (6 inch) Full HD+ Display,16MP + 5MP | 24MP Front Camera,3500 mAh Battery,0,0,"₹25,600"
"SAMSUNG Galaxy Note 20 (Mystic Blue, 256 GB)",4.4,69,8 GB RAM , 256 GB ROM,17.02 cm (6.7 inch) Full HD+ Display,64MP + 12MP + 12MP | 10MP Front Camera,4300 mAh Lithium-ion Battery,"₹86,000",9% off,"₹77,999"
"SAMSUNG Galaxy Note 9 (Ocean Blue, 512 GB)",4.6,233,8 GB RAM , 512 GB ROM ,16.26 cm (6.4 inch) Quad HD+ Display,12MP + 12MP | 8MP Front Camera,4000 mAh Lithium-ion Battery,0,0,"₹93,000"
"SAMSUNG Galaxy S9 Plus (Midnight Black, 64 GB)",4.5,"39,062",6 GB RAM , 64 GB ROM ,15.75 cm (6.2 inch) Quad HD+ Display,12MP + 12MP | 8MP Front Camera,3500 mAh Battery,0,0,"₹70,000"
"SAMSUNG Galaxy S10 (Prism Blue, 128 GB)",4.6,"1,811",8 GB RAM , 128 GB ROM ,15.49 cm (6.1 inch) Quad HD+ Display,16MP + 12MP | 10MP Front Camera,3400 mAh Lithium-ion Battery,0,0,"₹71,000"
"SAMSUNG Galaxy M21 (Iceberg Blue, 64 GB)",4.3,"6,921",4 GB RAM , 64 GB ROM ,16.26 cm (6.4 inch) Full HD+ Display,48MP + 8MP + 5MP | 20MP Front Camera,6000 mAh Battery,0,0,"₹14,190"
"SAMSUNG Galaxy S21 Ultra (Phantom Black, 256 GB)",4.5,493,12 GB RAM , 256 GB ROM,17.27 cm (6.8 inch) Quad HD+ Display,108MP + 12MP + 10MP + 10MP | 40MP Front Camera,5000 mAh Lithium-ion Battery,"₹1,28,999",17% off,"₹1,05,999"
"SAMSUNG Galaxy A10s (Green, 32 GB)",4.4,"2,601",2 GB RAM , 32 GB ROM ,15.75 cm (6.2 inch) HD+ Display,13MP + 2MP | 8MP Front Camera,4000 mAh Lithium-ion Battery,0,0,"₹8,999"
"SAMSUNG Galaxy Note 20 (Mystic Bronze, 256 GB)",4.4,69,8 GB RAM , 256 GB ROM,17.02 cm (6.7 inch) Full HD+ Display,64MP + 12MP + 12MP | 10MP Front Camera,4300 mAh Lithium-ion Battery,"₹86,000",9% off,"₹77,999"
"SAMSUNG Galaxy S10 (Prism White, 512 GB)",4.6,"1,811",8 GB RAM , 512 GB ROM ,15.49 cm (6.1 inch) Quad HD+ Display,16MP + 12MP | 10MP Front Camera,3400 mAh Lithium-ion Battery,0,0,"₹92,000"
"SAMSUNG Galaxy M30 (Gradation Black, 128 GB)",4.3,343,6 GB RAM , 128 GB ROM,16.26 cm (6.4 inch) Display,16MP Rear Camera,5000 mAh Battery,0,0,"₹16,490"
"SAMSUNG Galaxy A21s (White, 64 GB)",4.2,"20,028",4 GB RAM , 64 GB ROM ,16.51 cm (6.5 inch) HD+ Display,48MP + 8MP + 2MP + 2MP | 13MP Front Camera,5000 mAh Lithium-ion Battery,0,0,"₹17,999"
"SAMSUNG Galaxy Note 20 (Mystic Green, 256 GB)",4.4,69,8 GB RAM , 256 GB ROM,17.02 cm (6.7 inch) Full HD+ Display,64MP + 12MP + 12MP | 10MP Front Camera,4300 mAh Lithium-ion Battery,"₹86,000",9% off,"₹77,999"
"SAMSUNG Galaxy Note10 Lite (Aura Glow, 128 GB)",4.3,"1,544",8 GB RAM , 128 GB ROM ,17.02 cm (6.7 inch) Full HD+ Display,12MP + 12MP + 12MP | 32MP Front Camera,4500 mAh Lithium-ion Battery,0,0,"₹41,990"
"SAMSUNG Galaxy A6 (Gold, 64 GB)",4.4,676,4 GB RAM , 64 GB ROM,14.22 cm (5.6 inch) Display,16MP Rear Camera | 16MP Front Camera,3000 mAh Battery,0,0,"₹25,500"
"SAMSUNG Galaxy A7-2017 (Gold Sand, 32 GB)",3.9,278,3 GB RAM , 32 GB ROM ,14.48 cm (5.7 inch) Full HD Display,16MP Rear Camera | 16MP Front Camera,3600 mAh Battery,0,0,"₹25,900"
"SAMSUNG Galaxy A20s (Blue, 64 GB)",4.3,"1,151",4 GB RAM , 64 GB ROM ,16.51 cm (6.5 inch) HD+ Display,13MP + 8MP + 5MP | 8MP Front Camera,4000 mAh Lithium Ion Battery,0,0,"₹14,800"
"SAMSUNG Galaxy Note 20 Ultra 5G (Mystic Bronze, 256 GB)",4.5,206,12 GB RAM , 256 GB ROM ,17.53 cm (6.9 inch) Quad HD+ Display,108MP + 12MP + 12MP | 10MP Front Camera,4500 mAh Lithium-ion Battery,"₹1,16,000",20% off,"₹91,999"
"SAMSUNG Galaxy S20 Ultra (Cosmic Gray, 128 GB)",4.3,92,12 GB RAM , 128 GB ROM ,17.53 cm (6.9 inch) Quad HD+ Display,108 MP + 48 MP + 12 MP + VGA Depth Camera | 40MP Front Camera,5000 mAh Lithium-ion Battery,0,0,"₹1,03,000"
"SAMSUNG Galaxy Note 9 (Metallic Copper, 128 GB)",4.6,"2,116",6 GB RAM , 128 GB ROM ,16.26 cm (6.4 inch) Quad HD+ Display,12MP + 12MP | 8MP Front Camera,4000 mAh Lithium-ion Battery,0,0,"₹69,900"
"SAMSUNG Galaxy A8 Star (Black, 64 GB)",4.3,799,6 GB RAM , 64 GB ROM,16.0 cm (6.3 inch) Display,24MP Rear Camera,3700 mAh Battery,0,0,"₹34,999"
"SAMSUNG Galaxy Note 9 (Ocean Blue, 128 GB)",4.6,"2,116",6 GB RAM , 128 GB ROM ,16.26 cm (6.4 inch) Quad HD+ Display,12MP + 12MP | 8MP Front Camera,4000 mAh Lithium-ion Battery,0,0,"₹73,645"
"SAMSUNG Galaxy A6 (Black, 64 GB)",4.4,676,4 GB RAM , 64 GB ROM,14.22 cm (5.6 inch) Display,16MP Rear Camera | 16MP Front Camera,3000 mAh Battery,0,0,"₹16,990"
"SAMSUNG Galaxy Note 9 (Midnight Black, 512 GB)",4.6,233,8 GB RAM , 512 GB ROM ,16.26 cm (6.4 inch) Quad HD+ Display,12MP + 12MP | 8MP Front Camera,4000 mAh Lithium-ion Battery,0,0,"₹88,030"
"SAMSUNG M01 core (Black, 16 GB)",4,"6,917",1 GB RAM , 16 GB ROM ,13.46 cm (5.3 inch) Full HD+ Display,8MP Rear Camera | 5MP Front Camera,3000 mAh Battery,0,0,"₹4,999"
"SAMSUNG Galaxy A6+ (Gold, 64 GB)",4.4,"4,215",4 GB RAM , 64 GB ROM,15.24 cm (6 inch) Full HD+ Display,16MP + 5MP | 24MP Front Camera,3500 mAh Battery,0,0,"₹21,990"
"SAMSUNG Galaxy A20 (Deep Blue, 32 GB)",4.4,"15,529",3 GB RAM , 32 GB ROM ,16.26 cm (6.4 inch) HD+ Display,13MP + 5MP | 8MP Front Camera,4000 mAh Lithium-ion Battery,0,0,"₹12,900"
"SAMSUNG Galaxy A20s (Blue, 32 GB)",4.3,"1,093",3 GB RAM , 32 GB ROM ,16.51 cm (6.5 inch) HD+ Display,13MP + 8MP + 5MP | 8MP Front Camera,4000 mAh Lithium Ion Battery,0,0,"₹12,900"
"SAMSUNG Galaxy A30 (Black, 64 GB)",4.4,"17,708",4 GB RAM , 64 GB ROM ,16.26 cm (6.4 inch) Full HD+ Display,16MP + 5MP | 16MP Front Camera,4000 mAh Lithium-ion Battery,0,0,"₹17,500"
"SAMSUNG M01 core (Black, 32 GB)",3.9,"7,716",2 GB RAM , 32 GB ROM ,13.46 cm (5.3 inch) Full HD+ Display,8MP Rear Camera | 5MP Front Camera,3000 mAh Battery,0,0,"₹5,999"
"SAMSUNG Galaxy J6 (Blue, 64 GB)",4.5,"42,223",4 GB RAM , 64 GB ROM ,14.22 cm (5.6 inch) HD+ Display,13MP Rear Camera | 8MP Front Camera,3000 mAh Battery,"₹17,108",44% off,"₹9,490"
"SAMSUNG Galaxy A8 Star (White, 64 GB)",4.3,799,6 GB RAM , 64 GB ROM,16.0 cm (6.3 inch) Display,24MP Rear Camera,3700 mAh Battery,0,0,"₹34,999"
"SAMSUNG Galaxy S8 Plus (Midnight Black, 128 GB)",4.6,348,6 GB RAM , 128 GB ROM ,15.75 cm (6.2 inch) Quad HD+ Display,12MP Rear Camera | 8MP Front Camera,3500 mAh Battery,0,0,"₹66,900"
"SAMSUNG Galaxy J5 Prime (Black, 32 GB)",4.3,"3,360",3 GB RAM , 32 GB ROM ,12.7 cm (5 inch) HD Display,13MP Rear Camera | 5MP Front Camera,2400 mAh Li-Ion Battery,0,0,"₹13,500"
"SAMSUNG M01 core (Blue, 32 GB)",3.9,"7,716",2 GB RAM , 32 GB ROM ,13.46 cm (5.3 inch) Full HD+ Display,8MP Rear Camera | 5MP Front Camera,3000 mAh Battery,0,0,"₹5,999"
"SAMSUNG Galaxy J6 (Black, 64 GB)",4.5,"42,223",4 GB RAM , 64 GB ROM ,14.22 cm (5.6 inch) HD+ Display,13MP Rear Camera | 8MP Front Camera,3000 mAh Battery,0,0,"₹14,990"
"SAMSUNG Galaxy J2 2018 (Pink, 16 GB)",4.3,"7,621",2 GB RAM , 16 GB ROM ,12.7 cm (5 inch) Display,8MP Rear Camera | 5MP Front Camera,2600 mAh Battery,0,0,"₹6,799"
"SAMSUNG Galaxy A7 (Blue, 64 GB)",4.4,"12,915",4 GB RAM , 64 GB ROM ,15.24 cm (6 inch) Full HD+ Display,24MP + 5MP + 8MP | 24MP Front Camera,3300 mAh Lithium-ion Battery,"₹25,379",29% off,"₹17,990"
"SAMSUNG Galaxy A8 Plus (Black, 64 GB)",4.2,277,6 GB RAM , 64 GB ROM,15.24 cm (6 inch) Display,16MP Rear Camera,3500 mAh Battery,"₹27,990",10% off,"₹24,990"
"SAMSUNG Fold 2 5G (Black, 256 GB)",,,12 GB RAM , 256 GB ROM,19.3 cm (7.6 inch) Display,12MP Rear Camera,4500 mAh Battery,0,0,"₹1,69,999"
"SAMSUNG Galaxy J7 Prime (Black, 16 GB)",4.2,"19,615",3 GB RAM , 16 GB ROM ,13.97 cm (5.5 inch) Full HD Display,13MP Rear Camera | 8MP Front Camera,3300 mAh Battery,0,0,"₹18,328"
"SAMSUNG Galaxy J8 (Blue, 64 GB)",4.4,"19,438",4 GB RAM , 64 GB ROM ,15.24 cm (6 inch) HD+ Display,16MP + 5MP | 16MP Front Camera,3500 mAh Battery,0,0,"₹18,990"
"SAMSUNG M01 core (Blue, 16 GB)",4,"6,916",1 GB RAM , 16 GB ROM ,13.46 cm (5.3 inch) Full HD+ Display,8MP Rear Camera | 5MP Front Camera,3000 mAh Battery,0,0,"₹4,999"
"SAMSUNG Galaxy A30s (Prism Crush Black, 128 GB)",4.3,"4,275",4 GB RAM , 128 GB ROM,16.26 cm (6.4 inch) HD+ Display,25MP + 5MP + 8MP | 16MP Front Camera,4000 mAh Li-ion Battery,0,0,"₹18,199"
"SAMSUNG Galaxy J2 2018 (Gold, 16 GB)",4.3,"7,620",2 GB RAM , 16 GB ROM ,12.7 cm (5 inch) Display,8MP Rear Camera | 5MP Front Camera,2600 mAh Battery,0,0,"₹7,500"
"SAMSUNG Galaxy J5 Prime (Gold, 32 GB)",4.3,"3,360",3 GB RAM , 32 GB ROM ,12.7 cm (5 inch) HD Display,13MP Rear Camera | 5MP Front Camera,2400 mAh Li-Ion Battery,0,0,"₹13,500"
"SAMSUNG Galaxy A10s (Black, 32 GB)",4.3,"2,287",3 GB RAM , 32 GB ROM ,15.75 cm (6.2 inch) HD+ Display,13MP + 2MP | 8MP Front Camera,4000 mAh Lithium-ion Battery,0,0,"₹10,800"
"SAMSUNG Galaxy A10s (Green, 32 GB)",4.4,"2,600",2 GB RAM , 32 GB ROM ,15.75 cm (6.2 inch) HD+ Display,13MP + 2MP | 8MP Front Camera,4000 mAh Lithium-ion Battery,0,0,"₹8,999"
"SAMSUNG Galaxy J8 (Black, 64 GB)",4.4,"19,438",4 GB RAM , 64 GB ROM ,15.24 cm (6 inch) HD+ Display,16MP + 5MP | 16MP Front Camera,3500 mAh Battery,0,0,"₹19,500"
"SAMSUNG Galaxy A50 (Black, 64 GB)",4.4,"11,327",6 GB RAM , 64 GB ROM ,16.26 cm (6.4 inch) Full HD+ Display,25MP + 5MP + 8MP | 25MP Front Camera,4000 mAh Lithium-ion Battery,0,0,"₹24,000"
"SAMSUNG Galaxy A10 (Blue, 32 GB)",4.4,"13,098",2 GB RAM , 32 GB ROM ,15.75 cm (6.2 inch) HD+ Display,13MP Rear Camera | 5MP Front Camera,3400 mAh Lithium-ion Battery,"₹9,157",12% off,"₹7,990"
"SAMSUNG Galaxy A6+ (Black, 64 GB)",4.4,"4,215",4 GB RAM , 64 GB ROM,15.24 cm (6 inch) Full HD+ Display,16MP + 5MP | 24MP Front Camera,3500 mAh Battery,0,0,"₹21,990"
"SAMSUNG Galaxy J6 Plus (Blue, 64 GB)",4.3,"4,948",4 GB RAM , 64 GB ROM ,15.24 cm (6 inch) HD+ Display,13MP + 5MP | 8MP Front Camera,3300 mAh Battery,0,0,"₹13,600"
"SAMSUNG Galaxy A10 (Black, 32 GB)",4.4,"13,098",2 GB RAM , 32 GB ROM ,15.75 cm (6.2 inch) HD+ Display,13MP Rear Camera | 5MP Front Camera,3400 mAh Lithium-ion Battery,"₹9,304",14% off,"₹7,990"
"SAMSUNG Galaxy J4 (Black, 32 GB)",4.2,338,3 GB RAM , 32 GB ROM ,13.97 cm (5.5 inch) HD Display,13MP Rear Camera | 5MP Front Camera,3000 mAh Battery,0,0,"₹10,990"
"SAMSUNG Galaxy J7 - 6 (New 2016 Edition) (White, 16 GB)",4.3,"77,959",2 GB RAM , 16 GB ROM ,13.97 cm (5.5 inch) HD Display,13MP Rear Camera | 5MP Front Camera,3300 mAh Li-Ion Battery,"₹15,585",1% off,"₹15,299"
"SAMSUNG Galaxy J2 (White, 8 GB)",4.1,"20,388",1 GB RAM , 8 GB ROM ,11.94 cm (4.7 inch) quarter HD Display,5MP Rear Camera | 2MP Front Camera,2000 mAh Battery,0,0,"₹6,799"
"SAMSUNG Galaxy A20 (Red, 32 GB)",4.4,"15,529",3 GB RAM , 32 GB ROM ,16.26 cm (6.4 inch) HD+ Display,13MP + 5MP | 8MP Front Camera,4000 mAh Lithium-ion Battery,0,0,"₹13,099"
"SAMSUNG Galaxy J2 Core (Blue, 8 GB)",4.2,"10,811",1 GB RAM , 8 GB ROM ,12.7 cm (5 inch) quarter HD Display,8MP Rear Camera | 5MP Front Camera,2600 mAh Battery,0,0,"₹6,190"
"SAMSUNG Galaxy A10 (Gold, 32 GB)",4.4,"13,098",2 GB RAM , 32 GB ROM ,15.75 cm (6.2 inch) HD+ Display,13MP Rear Camera | 5MP Front Camera,3400 mAh Lithium-ion Battery,0,0,"₹8,700"
"SAMSUNG Galaxy A20 (Gold, 32 GB)",4.4,"15,529",3 GB RAM , 32 GB ROM ,16.26 cm (6.4 inch) HD+ Display,13MP + 5MP | 8MP Front Camera,4000 mAh Lithium-ion Battery,0,0,"₹12,900"
"SAMSUNG Galaxy S6 Edge (Black Sapphire, 32 GB)",4,"1,219",3 GB RAM , 32 GB ROM,12.95 cm (5.1 inch) Quad HD Display,16MP Rear Camera | 5MP Front Camera,2600 mAh Battery,0,0,"₹37,299"
"SAMSUNG Galaxy A10 (Gold, 32 GB)",4.4,"13,098",2 GB RAM , 32 GB ROM ,15.75 cm (6.2 inch) HD+ Display,13MP Rear Camera | 5MP Front Camera,3400 mAh Lithium-ion Battery,0,0,"₹8,700"
"SAMSUNG Galaxy A20 (Gold, 32 GB)",4.4,"15,529",3 GB RAM , 32 GB ROM ,16.26 cm (6.4 inch) HD+ Display,13MP + 5MP | 8MP Front Camera,4000 mAh Lithium-ion Battery,0,0,"₹12,900"
"SAMSUNG Galaxy S6 Edge (Black Sapphire, 32 GB)",4,"1,219",3 GB RAM , 32 GB ROM,12.95 cm (5.1 inch) Quad HD Display,16MP Rear Camera | 5MP Front Camera,2600 mAh Battery,0,0,"₹37,299"
"SAMSUNG Galaxy J4 (Gold, 16 GB)",4.3,"3,073",2 GB RAM , 16 GB ROM ,13.97 cm (5.5 inch) HD Display,13MP Rear Camera | 5MP Front Camera,3000 mAh Battery,0,0,"₹9,500"
"SAMSUNG Galaxy J2 Core (Gold, 8 GB)",4.2,"10,811",1 GB RAM , 8 GB ROM ,12.7 cm (5 inch) quarter HD Display,8MP Rear Camera | 5MP Front Camera,2600 mAh Battery,0,0,"₹6,190"
"SAMSUNG Galaxy J6 (Gold, 32 GB)",4.4,"15,792",3 GB RAM , 32 GB ROM ,14.22 cm (5.6 inch) HD+ Display,13MP Rear Camera | 8MP Front Camera,3000 mAh Battery,0,0,"₹12,990"
"SAMSUNG Galaxy J2 Core (Black, 8 GB)",4.2,"10,811",1 GB RAM , 8 GB ROM ,12.7 cm (5 inch) quarter HD Display,8MP Rear Camera | 5MP Front Camera,2600 mAh Battery,0,0,"₹6,200"
"SAMSUNG Galaxy J2-2017 (Absolute black, 8 GB)",4.2,"4,014",1 GB RAM , 8 GB ROM ,11.94 cm (4.7 inch) Display,5MP Rear Camera | 2MP Front Camera,2000 mAh Battery,0,0,"₹6,000"
"SAMSUNG Galaxy A6 (Blue, 64 GB)",4.4,676,4 GB RAM , 64 GB ROM,14.22 cm (5.6 inch) Display,16MP Rear Camera | 16MP Front Camera,3000 mAh Battery,0,0,"₹16,990"
"SAMSUNG Galaxy J4 (Blue, 32 GB)",4.2,338,3 GB RAM , 32 GB ROM ,13.97 cm (5.5 inch) HD Display,13MP Rear Camera | 5MP Front Camera,3000 mAh Battery,0,0,"₹13,023"
"SAMSUNG Galaxy A10 (Red, 32 GB)",4.4,"13,098",2 GB RAM , 32 GB ROM ,15.75 cm (6.2 inch) HD+ Display,13MP Rear Camera | 5MP Front Camera,3400 mAh Lithium-ion Battery,0,0,"₹8,700"
"SAMSUNG Galaxy J7 Duo (Gold, 32 GB)",4.3,"2,798",4 GB RAM , 32 GB ROM ,13.97 cm (5.5 inch) HD Display,13MP + 5MP | 8MP Front Camera,3000 mAh Battery,0,0,"₹17,889"
"SAMSUNG Galaxy J6 (Gold, 64 GB)",4.5,"42,223",4 GB RAM , 64 GB ROM ,14.22 cm (5.6 inch) HD+ Display,13MP Rear Camera | 8MP Front Camera,3000 mAh Battery,0,0,"₹14,990"
"SAMSUNG Galaxy S10 Plus (Ceramic White, 1 TB)",4.5,24,12 GB RAM , 1 TB ROM ,16.26 cm (6.4 inch) Quad HD+ Display,16MP + 12MP | 10MP + 8MP Dual Front Camera,4100 mAh Lithium-ion Battery,0,0,"₹1,17,990"
"SAMSUNG Galaxy J4 Plus (Gold, 32 GB)",4.3,"4,493",2 GB RAM , 32 GB ROM ,15.24 cm (6 inch) HD+ Display,13MP Rear Camera | 5MP Front Camera,3300 mAh Lithium-ion Battery,0,0,"₹9,499"
"SAMSUNG Galaxy S10 Plus (Ceramic Black, 512 GB)",4.6,"1,206",8 GB RAM , 512 GB ROM ,16.26 cm (6.4 inch) Quad HD+ Display,16MP + 12MP | 10MP + 8MP Dual Front Camera,4100 mAh Lithium-ion Battery,0,0,"₹91,900"
"SAMSUNG Galaxy On7 (Black, 8 GB)",4.2,"1,91,824",1.5 GB RAM , 8 GB ROM ,13.97 cm (5.5 inch) HD Display,13MP Rear Camera | 5MP Front Camera,3000 mAh Li-Ion Battery,0,0,"₹9,977"
"SAMSUNG Galaxy A8 Plus (Gold, 64 GB)",4.2,277,6 GB RAM , 64 GB ROM,15.24 cm (6 inch) Display,16MP Rear Camera,3500 mAh Battery,0,0,"₹29,990"
"SAMSUNG Galaxy J4 (Gold, 32 GB)",4.2,338,3 GB RAM , 32 GB ROM ,13.97 cm (5.5 inch) HD Display,13MP Rear Camera | 5MP Front Camera,3000 mAh Battery,0,0,"₹10,990"
"SAMSUNG Galaxy J6 (Black, 32 GB)",4.4,"15,792",3 GB RAM , 32 GB ROM ,14.22 cm (5.6 inch) HD+ Display,13MP Rear Camera | 8MP Front Camera,3000 mAh Battery,0,0,"₹12,990"
"SAMSUNG Galaxy A30 (Blue, 64 GB)",4.4,"17,708",4 GB RAM , 64 GB ROM ,16.26 cm (6.4 inch) Full HD+ Display,16MP + 5MP | 16MP Front Camera,4000 mAh Lithium-ion Battery,0,0,"₹18,000"
"SAMSUNG Galaxy A20 (Black, 32 GB)",4.4,"15,529",3 GB RAM , 32 GB ROM ,16.26 cm (6.4 inch) HD+ Display,13MP + 5MP | 8MP Front Camera,4000 mAh Lithium-ion Battery,"₹12,900",10% off,"₹11,490"
"SAMSUNG Galaxy J6 Plus (Red, 64 GB)",4.3,"4,948",4 GB RAM , 64 GB ROM ,15.24 cm (6 inch) HD+ Display,13MP + 5MP | 8MP Front Camera,3300 mAh Battery,0,0,"₹13,600"
"SAMSUNG Galaxy J2 Pro (Gold, 16 GB)",4.2,"7,003",2 GB RAM , 16 GB ROM ,12.7 cm (5 inch) HD Display,8MP Rear Camera | 5MP Front Camera,2600 mAh Battery,0,0,"₹10,480"
"SAMSUNG Galaxy A50 (White, 64 GB)",4.4,"11,327",6 GB RAM , 64 GB ROM ,16.26 cm (6.4 inch) Full HD+ Display,25MP + 5MP + 8MP | 25MP Front Camera,4000 mAh Lithium-ion Battery,0,0,"₹24,000"
"SAMSUNG Galaxy J5 Prime (Gold, 16 GB)",4,"1,205",2 GB RAM , 16 GB ROM ,12.7 cm (5 inch) HD Display,13MP Rear Camera | 5MP Front Camera,2400 mAh Li-Ion Battery,0,0,"₹14,500"
"SAMSUNG Galaxy J6 (Blue, 32 GB)",4.4,"15,792",3 GB RAM , 32 GB ROM ,14.22 cm (5.6 inch) HD+ Display,13MP Rear Camera | 8MP Front Camera,3000 mAh Battery,0,0,"₹12,990"
"SAMSUNG Galaxy J4 (Blue, 16 GB)",4.3,"3,073",2 GB RAM , 16 GB ROM ,13.97 cm (5.5 inch) HD Display,13MP Rear Camera | 5MP Front Camera,3000 mAh Battery,0,0,"₹9,500"
"SAMSUNG Galaxy J7 Duo (Black, 32 GB)",4.3,"2,798",4 GB RAM , 32 GB ROM ,13.97 cm (5.5 inch) HD Display,13MP + 5MP | 8MP Front Camera,3000 mAh Battery,0,0,"₹17,962"
"SAMSUNG Galaxy J5 Prime (Black, 16 GB)",4,"1,205",2 GB RAM , 16 GB ROM ,12.7 cm (5 inch) HD Display,13MP Rear Camera | 5MP Front Camera,2400 mAh Li-Ion Battery,0,0,"₹14,500"
"SAMSUNG Galaxy J4 (Black, 16 GB)",4.3,"3,073",2 GB RAM , 16 GB ROM ,13.97 cm (5.5 inch) HD Display,13MP Rear Camera | 5MP Front Camera,3000 mAh Battery,0,0,"₹8,990"
"SAMSUNG Galaxy J2 Pro (Black, 16 GB)",4.2,"7,003",2 GB RAM , 16 GB ROM,12.7 cm (5 inch) Display,8MP Rear Camera,2600 mAh Battery,0,0,"₹10,480"
"SAMSUNG Galaxy J7 Nxt (Black, 32 GB)",4.3,"2,227",3 GB RAM , 32 GB ROM ,13.97 cm (5.5 inch) HD Display,13MP Rear Camera | 5MP Front Camera,3000 mAh Battery,0,0,"₹14,995"
"SAMSUNG Galaxy J7 Nxt (Black, 16 GB)",4.4,"9,964",2 GB RAM , 16 GB ROM ,13.97 cm (5.5 inch) HD Display,13MP Rear Camera | 5MP Front Camera,3000 mAh Battery,0,0,"₹11,995"
"SAMSUNG Galaxy J8 (Gold, 64 GB)",4.4,"19,438",4 GB RAM , 64 GB ROM ,15.24 cm (6 inch) HD+ Display,16MP + 5MP | 16MP Front Camera,3500 mAh Battery,0,0,"₹19,500"
"SAMSUNG Galaxy A30 (White, 64 GB)",4.4,"17,708",4 GB RAM , 64 GB ROM ,16.26 cm (6.4 inch) Full HD+ Display,16MP + 5MP | 16MP Front Camera,4000 mAh Lithium-ion Battery,0,0,"₹18,000"
"SAMSUNG Galaxy J7 - 6 (New 2016 Edition) (Black, 16 GB)",4.3,"77,959",2 GB RAM , 16 GB ROM ,13.97 cm (5.5 inch) HD Display,13MP Rear Camera | 5MP Front Camera,3300 mAh Li-Ion Battery,"₹15,014",8% off,"₹13,800"
"SAMSUNG Galaxy J2 2018 (Black, 16 GB)",4.3,"7,621",2 GB RAM , 16 GB ROM ,12.7 cm (5 inch) Display,8MP Rear Camera | 5MP Front Camera,2600 mAh Battery,0,0,"₹7,999"
"SAMSUNG Galaxy J7 Nxt (Gold, 16 GB)",4.4,"9,964",2 GB RAM , 16 GB ROM ,13.97 cm (5.5 inch) HD Display,13MP Rear Camera | 5MP Front Camera,3000 mAh Battery,0,0,"₹10,995"
"SAMSUNG Galaxy J6 Plus (Black, 64 GB)",4.3,"4,948",4 GB RAM , 64 GB ROM ,15.24 cm (6 inch) HD+ Display,13MP + 5MP | 8MP Front Camera,3300 mAh Battery,0,0,"₹14,000"
"SAMSUNG Galaxy F41 (Fusion Black, 128 GB)",4.3,"3,05,200",6 GB RAM , 128 GB ROM ,16.26 cm (6.4 inch) Full HD+ Display,64MP + 8MP + 5MP | 32MP Front Camera,6000 mAh Lithium-ion Battery,"₹20,999",30% off,"₹14,499"
"SAMSUNG Galaxy S9 Plus (Burgundy Red, 64 GB)",4.5,"39,062",6 GB RAM , 64 GB ROM ,15.75 cm (6.2 inch) Quad HD+ Display,12MP + 12MP | 8MP Front Camera,3500 mAh Battery,0,0,"₹70,000"
"SAMSUNG M02s (Red, 64 GB)",4.2,726,4 GB RAM , 64 GB ROM,16.51 cm (6.5 inch) Full HD+ Display,13MP + 2MP + 2MP | 5MP Front Camera,5000 mAh Battery,"₹10,490",4% off,"₹9,999"
"SAMSUNG Galaxy M21 (Midnight Blue, 128 GB)",4.2,"1,417",6 GB RAM , 128 GB ROM ,16.26 cm (6.4 inch) Full HD+ Display,48MP + 8MP + 5MP | 20MP Front Camera,6000 mAh Battery,0,0,"₹15,499"
"SAMSUNG Galaxy M02 (Red, 32 GB)",4.1,470,2 GB RAM , 32 GB ROM,16.64 cm (6.55 inch) Full HD+ Display,13MP + 2MP | 5MP Front Camera,5000 mAh Battery,"₹7,535",0,"₹7,475"
"SAMSUNG Galaxy A71 (Prism Crush Black, 128 GB)",4.4,"6,378",8 GB RAM , 128 GB ROM ,17.02 cm (6.7 inch) Full HD+ Display,64MP + 12MP + 5MP + 5MP | 32MP Front Camera,4500 mAh Lithium-ion Battery,"₹34,999",21% off,"₹27,499"
"SAMSUNG Galaxy A32 (Awesome Violet, 128 GB)",4.2,"1,285",6 GB RAM , 128 GB ROM ,16.26 cm (6.4 inch) Full HD+ Display,64MP + 8MP + 5MP + 5MP | 20MP Front Camera,5000 mAh Lithium-ion Battery,"₹24,999",18% off,"₹20,499"
"SAMSUNG Galaxy M30s (White, 64 GB)",4.3,"4,133",4 GB RAM , 64 GB ROM ,16.26 cm (6.4 inch) Full HD Display,48MP Rear Camera | 16MP Front Camera,6000 mAh Battery,"₹15,500",7% off,"₹14,399"
"SAMSUNG Galaxy A10s (Blue, 32 GB)",4.4,"2,601",2 GB RAM , 32 GB ROM ,15.75 cm (6.2 inch) HD+ Display,13MP + 2MP | 8MP Front Camera,4000 mAh Lithium-ion Battery,0,0,"₹10,000"
"SAMSUNG Galaxy A10s (Black, 32 GB)",4.4,"2,601",2 GB RAM , 32 GB ROM ,15.75 cm (6.2 inch) HD+ Display,13MP + 2MP | 8MP Front Camera,4000 mAh Lithium-ion Battery,0,0,"₹10,000"
"SAMSUNG Galaxy A70s (Prism Crush White, 128 GB)",4.3,"4,713",6 GB RAM , 128 GB ROM ,17.02 cm (6.7 inch) Full HD+ Display,64MP + 5MP + 8MP | 32MP Front Camera,4500 mAh Lithium Ion Battery,"₹31,000",41% off,"₹17,999"
"SAMSUNG Z2 (Black, 8 GB)",3.6,"12,852",1 GB RAM , 8 GB ROM,10.16 cm (4 inch) Display,5MP Rear Camera,1500 mAh Battery,0,0,"₹4,790"
"SAMSUNG Galaxy A20s (Green, 64 GB)",4.3,"1,151",4 GB RAM , 64 GB ROM ,16.51 cm (6.5 inch) HD+ Display,13MP + 8MP + 5MP | 8MP Front Camera,4000 mAh Lithium Ion Battery,"₹14,900",8% off,"₹13,695"
"SAMSUNG Galaxy S10 Lite (Prism White, 512 GB)",4.5,"12,693",8 GB RAM , 512 GB ROM ,17.02 cm (6.7 inch) Full HD+ Display,48MP + 12MP + 5MP | 32MP Front Camera,4500 mAh Lithium-ion Battery,"₹51,000",9% off,"₹45,999"
"SAMSUNG Galaxy A7 2016 Edition (Gold, 16 GB)",4.1,"1,535",3 GB RAM , 16 GB ROM ,13.97 cm (5.5 inch) Full HD Display,13MP Rear Camera | 5MP Front Camera,3300 mAh Li-Ion Battery,0,0,"₹17,490"
"SAMSUNG Galaxy A2 Core (Gold, 16 GB)",4.2,"3,279",1 GB RAM , 16 GB ROM ,12.7 cm (5 inch) Quad HD Display,5MP Rear Camera | 5MP Front Camera,2600 mAh Lithium-ion Battery,0,0,"₹5,900"
"SAMSUNG Galaxy J1 (4G) (White, 8 GB)",4,"1,645",1 GB RAM , 8 GB ROM ,11.43 cm (4.5 inch) WVGA Display,5MP Rear Camera | 2MP Front Camera,2050 mAh Battery,0,0,"₹7,550"
"SAMSUNG Galaxy M30s (Black, 64 GB)",4.3,"4,133",4 GB RAM , 64 GB ROM,16.26 cm (6.4 Inches) Display,48MP Rear Camera,6000 mAH Battery,"₹15,500",8% off,"₹14,150"
"SAMSUNG Galaxy J2 Core (Blue, 16 GB)",4.2,"10,811",1 GB RAM , 16 GB ROM ,12.7 cm (5 inch) quarter HD Display,8MP Rear Camera | 5MP Front Camera,2600 mAh Lithium-ion Battery,0,0,"₹6,999"
"SAMSUNG Galaxy J2 Core (Gold, 16 GB)",4.2,"10,811",1 GB RAM , 16 GB ROM ,12.7 cm (5 inch) quarter HD Display,8MP Rear Camera | 5MP Front Camera,2600 mAh Lithium-ion Battery,0,0,"₹6,999"
"SAMSUNG Galaxy M20 (Charcoal Black, 32 GB)",4.3,"2,021",3 GB RAM , 32 GB ROM,16.0 cm (6.3 inch) Display,13MP Rear Camera,5000 mAh Battery,"₹11,290",3% off,"₹10,848"
"SAMSUNG Galaxy M20 (Charcoal Black, 64 GB)",4.3,"3,328",4 GB RAM , 64 GB ROM,16.0 cm (6.3 inch) Display,13MP Rear Camera,5000 mAh Battery,0,0,"₹11,990"
"SAMSUNG Galaxy A70 (Black, 128 GB)",4.3,"5,303",6 GB RAM , 128 GB ROM ,17.02 cm (6.7 inch) Full HD+ Display,32MP + 5MP + 8MP | 32MP Front Camera,4500 mAh Lithium-ion Battery,0,0,"₹30,900"
"SAMSUNG Galaxy M30s (White, 128 GB)",4.1,715,6 GB RAM , 128 GB ROM ,16.26 cm (6.4 inch) Full HD Display,48MP + 48MP + 8MP + 5MP | 16MP Front Camera,6000 mAh Battery,0,0,"₹16,999"
"SAMSUNG Galaxy A71 (Prism Crush Silver, 128 GB)",4.4,"6,378",8 GB RAM , 128 GB ROM ,17.02 cm (6.7 inch) Full HD+ Display,64MP + 12MP + 5MP + 5MP | 32MP Front Camera,4500 mAh Lithium-ion Battery,"₹34,999",21% off,"₹27,499"
"SAMSUNG Galaxy M10 (Ocean Blue, 32 GB)",4.3,"2,237",3 GB RAM , 32 GB ROM,15.8 cm (6.22 inch) Display,13MP Rear Camera,3400 mAh Battery,"₹9,290",6% off,"₹8,690"
"SAMSUNG Galaxy J7 Prime 2 (Gold, 32 GB)",4.3,"2,334",3 GB RAM , 32 GB ROM,13.97 cm (5.5 inch) Full HD Display,13MP Rear Camera | 13MP Front Camera,3300 mAh Li-ion Battery,0,0,"₹14,990"
"SAMSUNG Galaxy A70 (Blue, 128 GB)",4.3,"5,303",6 GB RAM , 128 GB ROM ,17.02 cm (6.7 inch) Full HD+ Display,32MP + 5MP + 8MP | 32MP Front Camera,4500 mAh Lithium-ion Battery,0,0,"₹30,900"
"SAMSUNG Galaxy S10 Lite (Prism Blue, 128 GB)",4.5,"12,693",8 GB RAM , 128 GB ROM ,17.02 cm (6.7 inch) Full HD+ Display,48MP + 12MP + 5MP | 32MP Front Camera,4500 mAh Lithium-ion Battery,"₹43,999",6% off,"₹40,999"
"SAMSUNG Galaxy A30s (Prism Crush White, 64 GB)",4.3,"4,275",4 GB RAM , 64 GB ROM,16.26 cm (6.4 inch) HD+ Display,25MP + 5MP + 8MP | 16MP Front Camera,4000 mAh Li-ion Battery,"₹18,900",15% off,"₹15,899"
"SAMSUNG Galaxy S21 (Phantom Violet, 256 GB)",4.4,112,8 GB RAM , 256 GB ROM,15.75 cm (6.2 inch) Full HD+ Display,64MP + 12MP + 12MP | 10MP Front Camera,4000 mAh Lithium-ion Battery,"₹87,999",15% off,"₹73,999"
"SAMSUNG Galaxy Note 10 Plus (Aura Black, 256 GB)",4.6,"5,191",12 GB RAM , 256 GB ROM ,17.27 cm (6.8 inch) Display,12MP (Dual Aperture) + 12MP + 16MP + TOF | 10MP Front Camera,4300 mAh Battery,"₹85,000",29% off,"₹59,999"
"SAMSUNG Galaxy Core Prime G361 Dual Sim - White (White, 8 GB)",3.6,17,1 GB RAM , 8 GB ROM,11.43 cm (4.5 inch) WVGA Display,5MP Rear Camera | 2MP Front Camera,2000 mAh Li-Ion Battery,0,0,"₹7,999"
"SAMSUNG Galaxy A70s (Prism Crush Red, 128 GB)",4.3,"4,713",6 GB RAM , 128 GB ROM ,17.02 cm (6.7 inch) Full HD+ Display,64MP + 5MP + 8MP | 32MP Front Camera,4500 mAh Lithium Ion Battery,"₹31,000",41% off,"₹17,999"
"SAMSUNG Galaxy J5 - 6 (New 2016 Edition) (Black, 16 GB)",4.2,"1,08,281",2 GB RAM , 16 GB ROM ,13.21 cm (5.2 inch) HD Display,13MP Rear Camera | 5MP Front Camera,3100 mAh Li-Ion Battery,0,0,"₹10,990"
"SAMSUNG Galaxy J5 - 6 (New 2016 Edition) (White, 16 GB)",4.2,"1,08,281",2 GB RAM , 16 GB ROM ,13.21 cm (5.2 inch) HD Display,13MP Rear Camera | 5MP Front Camera,3100 mAh Li-Ion Battery,0,0,"₹10,990"
"SAMSUNG Galaxy A70 (White, 128 GB)",4.3,"5,303",6 GB RAM , 128 GB ROM ,17.02 cm (6.7 inch) Full HD+ Display,32MP + 5MP + 8MP | 32MP Front Camera,4500 mAh Lithium-ion Battery,0,0,"₹30,900"
"SAMSUNG Galaxy S3 Neo (Pebble Blue, 16 GB)",4.2,"13,441",1.5 GB RAM , 16 GB ROM ,12.19 cm (4.8 inch) HD Display,8MP Rear Camera | 1.9MP Front Camera,2100 mAh Li-ion Battery,0,0,"₹17,000"
"SAMSUNG Galaxy Star 2 (Iris Charcoal, 4 GB)",3.9,713,512 MB RAM , 4 GB ROM ,8.89 cm (3.5 inch) HVGA Display,2MP Rear Camera,1300 mAh Li-ion Battery,0,0,"₹4,890"
"SAMSUNG Galaxy M01s  (Light Blue, 32 GB)",4.2,525,3 GB RAM , 32 GB ROM ,15.75 cm (6.2 inch) Full HD+ Display,13MP + 2MP | 8MP Front Camera,4000 mAh Battery,"₹9,330",0,"₹9,290"
"SAMSUNG Galaxy S20+ (Cosmic Black, 128 GB)",4.4,"18,874",8 GB RAM , 128 GB ROM ,17.02 cm (6.7 inch) Quad HD+ Display,64 MP + 12 MP +12 MP + VGA Depth Camera | 10MP Front Camera,4500 mAh Lithium-ion Battery,"₹83,000",33% off,"₹54,999"
"SAMSUNG Galaxy A52 (Awesome Violet, 128 GB)",4.4,460,8 GB RAM , 128 GB ROM ,16.51 cm (6.5 inch) Full HD+ Display,64MP + 12MP + 5MP + 5MP | 32MP Front Camera,4500 mAh Lithium-ion Battery,"₹31,999",12% off,"₹27,999"
"SAMSUNG Galaxy Star Advance (White, 4 GB)",3.8,889,512 MB RAM , 4 GB ROM ,10.92 cm (4.3 inch) WVGA Display,3MP Rear Camera,1800 mAh Battery,0,0,"₹5,499"
"SAMSUNG Galaxy A20s (Black, 32 GB)",4.3,"1,093",3 GB RAM , 32 GB ROM ,16.51 cm (6.5 inch) HD+ Display,13MP + 8MP + 5MP | 8MP Front Camera,4000 mAh Lithium Ion Battery,"₹12,900",10% off,"₹11,599"
"SAMSUNG Galaxy J1 (Blue, 4 GB)",4,632,0.5 GB RAM , 4 GB ROM ,10.92 cm (4.3 inch) WVGA Display,5MP Rear Camera | 2MP Front Camera,1850 mAh Li-Ion Battery,0,0,"₹7,454"
"SAMSUNG Galaxy A51 (Prism Crush White, 128 GB)",4.3,"3,749",8 GB RAM , 128 GB ROM ,16.51 cm (6.5 inch) Full HD+ Display,48MP + 12MP + 5MP + 5MP | 32MP Front Camera,4000 mAh Lithium-ion Battery,"₹29,999",25% off,"₹22,499"
"SAMSUNG Galaxy A2 Core (Blue, 16 GB)",4.2,"3,279",1 GB RAM , 16 GB ROM ,12.7 cm (5 inch) Quad HD Display,5MP Rear Camera | 5MP Front Camera,2600 mAh Lithium-ion Battery,0,0,"₹5,900"
"SAMSUNG Galaxy Alpha (Charcoal Black, 32 GB)",3.6,364,2 GB RAM , 32 GB ROM,11.94 cm (4.7 inch) HD Display,12MP Rear Camera | 2.1MP Front Camera,1860 mAh Battery,0,0,"₹22,389"
"SAMSUNG Galaxy A52 (Awesome Black, 128 GB)",4.3,527,6 GB RAM , 128 GB ROM ,16.51 cm (6.5 inch) Full HD+ Display,64MP + 12MP + 5MP + 5MP | 32MP Front Camera,4500 mAh Lithium-ion Battery,"₹30,499",13% off,"₹26,499"
"SAMSUNG Galaxy A2 Core (Dark Gray, 16 GB)",4.2,"3,279",1 GB RAM , 16 GB ROM ,12.7 cm (5 inch) Quad HD Display,5MP Rear Camera | 5MP Front Camera,2600 mAh Lithium-ion Battery,0,0,"₹5,900"
"SAMSUNG Galaxy Alpha (Frosted Gold, 32 GB)",3.6,364,2 GB RAM , 32 GB ROM,11.94 cm (4.7 inch) HD Display,12MP Rear Camera | 2.1MP Front Camera,1860 mAh Battery,0,0,"₹42,000"
"SAMSUNG Galaxy A50 (White, 64 GB)",4.3,"67,849",4 GB RAM , 64 GB ROM ,16.26 cm (6.4 inch) Full HD+ Display,25MP + 5MP + 8MP | 25MP Front Camera,4000 mAh Lithium-ion Battery,0,0,"₹21,000"
"SAMSUNG Galaxy A7 2016 Edition (White, 16 GB)",4.1,"1,535",3 GB RAM , 16 GB ROM ,13.97 cm (5.5 inch) Full HD Display,13MP Rear Camera | 5MP Front Camera,3300 mAh Li-Ion Battery,0,0,"₹20,700"
"SAMSUNG Galaxy A52 (Awesome White, 128 GB)",4.3,527,6 GB RAM , 128 GB ROM ,16.51 cm (6.5 inch) Full HD+ Display,64MP + 12MP + 5MP + 5MP | 32MP Front Camera,4500 mAh Lithium-ion Battery,"₹30,499",13% off,"₹26,499"
"SAMSUNG Galaxy A20s (Green, 32 GB)",4.3,"1,093",3 GB RAM , 32 GB ROM ,16.51 cm (6.5 inch) HD+ Display,13MP + 8MP + 5MP | 8MP Front Camera,4000 mAh Lithium Ion Battery,"₹12,900",10% off,"₹11,599"
"SAMSUNG Galaxy On Nxt (Black, 16 GB)",4.3,"3,65,765",3 GB RAM , 16 GB ROM ,13.97 cm (5.5 inch) Full HD Display,13MP Rear Camera | 8MP Front Camera,3300 mAh Li-ion Battery,0,0,"₹11,200"
"SAMSUNG Galaxy A51 (Prism Crush White, 128 GB)",4.3,"9,563",6 GB RAM , 128 GB ROM ,16.51 cm (6.5 inch) Full HD+ Display,48MP + 12MP + 5MP + 5MP | 32MP Front Camera,4000 mAh Lithium-ion Battery,"₹25,999",19% off,"₹20,999"
"SAMSUNG Galaxy Note10 Lite (Aura Red, 128 GB)",4.4,411,6 GB RAM , 128 GB ROM ,17.02 cm (6.7 inch) Full HD+ Display,12MP + 12MP + 12MP | 32MP Front Camera,4500 mAh Lithium-ion Battery,"₹43,000",11% off,"₹37,999"
"SAMSUNG Galaxy J1 (4G) (Gold, 8 GB)",4,"1,645",1 GB RAM , 8 GB ROM,11.43 cm (4.5 inch) Display,5MP Rear Camera,2050 mAh Battery,0,0,"₹7,550"
"SAMSUNG Galaxy A10s (Green, 32 GB)",4.3,"2,287",3 GB RAM , 32 GB ROM ,15.75 cm (6.2 inch) HD+ Display,13MP + 2MP | 8MP Front Camera,4000 mAh Lithium-ion Battery,0,0,"₹11,000"
"SAMSUNG Galaxy Note 5 (Dual Sim) (Gold Platinum, 32 GB)",4.1,134,4 GB RAM , 32 GB ROM,14.48 cm (5.7 inch) Quad HD Display,16MP Rear Camera | 5MP Front Camera,3000 mAh Li-Polymer Battery,0,0,"₹46,300"
"SAMSUNG Galaxy A52 (Awesome White, 128 GB)",4.4,460,8 GB RAM , 128 GB ROM ,16.51 cm (6.5 inch) Full HD+ Display,64MP + 12MP + 5MP + 5MP | 32MP Front Camera,4500 mAh Lithium-ion Battery,"₹31,999",12% off,"₹27,999"
"SAMSUNG Galaxy A52 (Awesome Blue, 128 GB)",4.3,527,6 GB RAM , 128 GB ROM ,16.51 cm (6.5 inch) Full HD+ Display,64MP + 12MP + 5MP + 5MP | 32MP Front Camera,4500 mAh Lithium-ion Battery,"₹30,499",13% off,"₹26,499"
"SAMSUNG Galaxy A9 (Bubblegum Pink, 128 GB)",4.4,913,6 GB RAM , 128 GB ROM ,16.0 cm (6.3 inch) Full HD+ Display,24MP + 5MP + 10MP + 8MP | 24MP Front Camera,3800 mAh Lithium-ion Battery,0,0,"₹36,000"
"SAMSUNG Galaxy A8 (White, 32 GB)",4.2,"1,216",2 GB RAM , 32 GB ROM ,14.48 cm (5.7 inch) Full HD Display,16MP Rear Camera | 5MP Front Camera,3050 mAh Battery,0,0,"₹33,500"
"SAMSUNG Galaxy Note10 Lite (Aura Glow, 128 GB)",4.4,411,6 GB RAM , 128 GB ROM ,17.02 cm (6.7 inch) Full HD+ Display,12MP + 12MP + 12MP | 32MP Front Camera,4500 mAh Lithium-ion Battery,"₹43,000",11% off,"₹37,999"
"SAMSUNG Galaxy J2 Ace (Silver, 8 GB)",4.1,"1,228",1.5 GB RAM , 8 GB ROM ,12.7 cm (5 inch) Display,8MP Rear Camera | 5MP Front Camera,2600 mAh Battery,0,0,"₹8,090"
"SAMSUNG Galaxy Star 2 (White, 4 GB)",3.9,713,512 MB RAM , 4 GB ROM ,8.89 cm (3.5 inch) HVGA Display,2MP Rear Camera,1300 mAh Li-ion Battery,0,0,"₹4,890"
"SAMSUNG Galaxy A30s (Prism Crush Violet, 64 GB)",4.3,"4,275",4 GB RAM , 64 GB ROM,16.26 cm (6.4 inch) HD+ Display,25MP + 5MP + 8MP | 16MP Front Camera,4000 mAh Li-ion Battery,0,0,"₹18,900"
"SAMSUNG Galaxy Note 5 (Silver, 32 GB)",3.9,380,4 GB RAM , 32 GB ROM,14.48 cm (5.7 inch) HD Display,16MP Rear Camera | 5MP Front Camera,3000 mAh Battery,0,0,"₹56,999"
"SAMSUNG Galaxy On Nxt (Gold, 16 GB)",4.3,"3,65,765",3 GB RAM , 16 GB ROM ,13.97 cm (5.5 inch) Full HD Display,13MP Rear Camera | 8MP Front Camera,3300 mAh Li-ion Battery,0,0,"₹11,200"
"SAMSUNG Galaxy M30s (Black, 128 GB)",4.1,715,6 GB RAM , 128 GB ROM ,16.26 cm (6.4 inch) Full HD Display,48MP + 48MP + 8MP + 5MP | 16MP Front Camera,6000 mAh Battery,0,0,"₹16,999"
"SAMSUNG Galaxy J7 (White, 16 GB)",4.3,"40,228",1.5 GB RAM , 16 GB ROM ,13.97 cm (5.5 inch) HD Display,13MP Rear Camera | 5MP Front Camera,3000 mAh Battery,0,0,"₹11,700"
"SAMSUNG Galaxy Note 5 (Silver Titanium, 32 GB)",3.9,380,4 GB RAM , 32 GB ROM,14.48 cm (5.7 inch) Quad HD Display,16MP Rear Camera | 5MP Front Camera,3000 mAh Battery,0,0,"₹38,900"
"SAMSUNG Galaxy S Duos 3 (Ceramic White, 4 GB)",4,"5,911",512 MB RAM , 4 GB ROM,10.16 cm (4 inch) WVGA Display,5MP Rear Camera | 0.3MP Front Camera,1500 mAh Battery,0,0,"₹6,048"
"SAMSUNG Galaxy Note 5 (Dual Sim) (Black Sapphire, 32 GB)",4.1,134,4 GB RAM , 32 GB ROM,14.48 cm (5.7 inch) Quad HD Display,16MP Rear Camera | 5MP Front Camera,3000 mAh Li-Polymer Battery,0,0,"₹46,300"
"SAMSUNG On7 Pro (Gold, 16 GB)",4.1,"1,484",2 GB RAM , 16 GB ROM,13.97 cm (5.5 inch) Display,13MP Rear Camera,3000 mAh Battery,"₹9,499",36% off,"₹5,990"
"SAMSUNG Galaxy A9 (Lemonade Blue, 128 GB)",4.4,913,6 GB RAM , 128 GB ROM ,16.0 cm (6.3 inch) Full HD+ Display,24MP + 5MP + 10MP + 8MP | 24MP Front Camera,3800 mAh Lithium-ion Battery,0,0,"₹36,000"
"SAMSUNG Galaxy S9 (Midnight Black, 128 GB)",4.4,"30,544",4 GB RAM , 128 GB ROM ,14.73 cm (5.8 inch) Quad HD+ Display,12MP Rear Camera | 8MP Front Camera,3000 mAh Battery,0,0,"₹61,900"
"SAMSUNG Galaxy Grand 2 (Gold, 8 GB)",4.1,"4,687",1.5 GB RAM , 8 GB ROM ,13.34 cm (5.25 inch) HD Display,8MP Rear Camera | 1.9MP Front Camera,2600 mAh Li-Ion Battery,0,0,"₹15,000"
"SAMSUNG Galaxy A70s (Prism Crush Black, 128 GB)",4.3,"4,713",6 GB RAM , 128 GB ROM ,17.02 cm (6.7 inch) Full HD+ Display,64MP + 5MP + 8MP | 32MP Front Camera,4500 mAh Lithium Ion Battery,"₹31,000",41% off,"₹17,999"
"SAMSUNG Galaxy S Duos 3 (Charcoal Grey, 4 GB)",4,"5,911",512 MB RAM , 4 GB ROM,10.16 cm (4 inch) WVGA Display,5MP Rear Camera | 0.3MP Front Camera,1500 mAh Battery,0,0,"₹6,499"
"SAMSUNG Galaxy J5 - 6 (New 2016 Edition) (White, 16 GB)",4.2,"1,08,280",2 GB RAM , 16 GB ROM ,13.21 cm (5.2 inch) HD Display,13MP Rear Camera | 5MP Front Camera,3100 mAh Li-Ion Battery,0,0,"₹10,990"
"SAMSUNG Galaxy J5 - 6 (New 2016 Edition) (Black, 16 GB)",4.2,"1,08,280",2 GB RAM , 16 GB ROM ,13.21 cm (5.2 inch) HD Display,13MP Rear Camera | 5MP Front Camera,3100 mAh Li-Ion Battery,0,0,"₹10,990"
"SAMSUNG Galaxy A52 (Awesome White, 128 GB)",4.4,460,8 GB RAM , 128 GB ROM ,16.51 cm (6.5 inch) Full HD+ Display,64MP + 12MP + 5MP + 5MP | 32MP Front Camera,4500 mAh Lithium-ion Battery,"₹31,999",12% off,"₹27,999"
"SAMSUNG Galaxy A9 (Bubblegum Pink, 128 GB)",4.4,913,6 GB RAM , 128 GB ROM ,16.0 cm (6.3 inch) Full HD+ Display,24MP + 5MP + 10MP + 8MP | 24MP Front Camera,3800 mAh Lithium-ion Battery,0,0,"₹36,000"
"SAMSUNG Galaxy J1 (4G) (Gold, 8 GB)",4,"1,645",1 GB RAM , 8 GB ROM,11.43 cm (4.5 inch) Display,5MP Rear Camera,2050 mAh Battery,0,0,"₹7,550"
"SAMSUNG Galaxy Note10 Lite (Aura Glow, 128 GB)",4.4,412,6 GB RAM , 128 GB ROM ,17.02 cm (6.7 inch) Full HD+ Display,12MP + 12MP + 12MP | 32MP Front Camera,4500 mAh Lithium-ion Battery,"₹43,000",11% off,"₹37,999"
"SAMSUNG Galaxy A7 2016 Edition (White, 16 GB)",4.1,"1,535",3 GB RAM , 16 GB ROM ,13.97 cm (5.5 inch) Full HD Display,13MP Rear Camera | 5MP Front Camera,3300 mAh Li-Ion Battery,0,0,"₹20,700"
"SAMSUNG Galaxy Star 2 (White, 4 GB)",3.9,713,512 MB RAM , 4 GB ROM ,8.89 cm (3.5 inch) HVGA Display,2MP Rear Camera,1300 mAh Li-ion Battery,0,0,"₹4,890"
"SAMSUNG Galaxy Note 5 (Dual Sim) (Gold Platinum, 32 GB)",4.1,134,4 GB RAM , 32 GB ROM,14.48 cm (5.7 inch) Quad HD Display,16MP Rear Camera | 5MP Front Camera,3000 mAh Li-Polymer Battery,0,0,"₹46,300"
"SAMSUNG Galaxy A30s (Prism Crush Violet, 64 GB)",4.3,"4,275",4 GB RAM , 64 GB ROM,16.26 cm (6.4 inch) HD+ Display,25MP + 5MP + 8MP | 16MP Front Camera,4000 mAh Li-ion Battery,0,0,"₹18,900"
"SAMSUNG Galaxy Note 5 (Silver, 32 GB)",3.9,380,4 GB RAM , 32 GB ROM,14.48 cm (5.7 inch) HD Display,16MP Rear Camera | 5MP Front Camera,3000 mAh Battery,0,0,"₹56,999"
"SAMSUNG Galaxy On Nxt (Gold, 16 GB)",4.3,"3,65,763",3 GB RAM , 16 GB ROM ,13.97 cm (5.5 inch) Full HD Display,13MP Rear Camera | 8MP Front Camera,3300 mAh Li-ion Battery,0,0,"₹11,200"
"SAMSUNG Galaxy M30s (Black, 128 GB)",4.1,715,6 GB RAM , 128 GB ROM ,16.26 cm (6.4 inch) Full HD Display,48MP + 48MP + 8MP + 5MP | 16MP Front Camera,6000 mAh Battery,0,0,"₹16,999"
"SAMSUNG Galaxy S Duos 3 (Ceramic White, 4 GB)",4,"5,911",512 MB RAM , 4 GB ROM,10.16 cm (4 inch) WVGA Display,5MP Rear Camera | 0.3MP Front Camera,1500 mAh Battery,0,0,"₹6,048"
"SAMSUNG Galaxy Note 5 (Dual Sim) (Black Sapphire, 32 GB)",4.1,134,4 GB RAM , 32 GB ROM,14.48 cm (5.7 inch) Quad HD Display,16MP Rear Camera | 5MP Front Camera,3000 mAh Li-Polymer Battery,0,0,"₹46,300"
"SAMSUNG On7 Pro (Gold, 16 GB)",4.1,"1,484",2 GB RAM , 16 GB ROM,13.97 cm (5.5 inch) Display,13MP Rear Camera,3000 mAh Battery,"₹9,499",36% off,"₹5,990"
"SAMSUNG Galaxy A9 (Lemonade Blue, 128 GB)",4.4,913,6 GB RAM , 128 GB ROM ,16.0 cm (6.3 inch) Full HD+ Display,24MP + 5MP + 10MP + 8MP | 24MP Front Camera,3800 mAh Lithium-ion Battery,0,0,"₹36,000"
"SAMSUNG Galaxy S9 (Midnight Black, 128 GB)",4.4,"30,544",4 GB RAM , 128 GB ROM ,14.73 cm (5.8 inch) Quad HD+ Display,12MP Rear Camera | 8MP Front Camera,3000 mAh Battery,0,0,"₹61,900"
"SAMSUNG Galaxy Grand 2 (Gold, 8 GB)",4.1,"4,687",1.5 GB RAM , 8 GB ROM ,13.34 cm (5.25 inch) HD Display,8MP Rear Camera | 1.9MP Front Camera,2600 mAh Li-Ion Battery,0,0,"₹15,000"
"SAMSUNG Galaxy On6 (Blue, 64 GB)",4.3,"1,01,817",4 GB RAM , 64 GB ROM ,14.22 cm (5.6 inch) HD+ Display,13MP Rear Camera | 8MP Front Camera,3000 mAh Battery,0,0,"₹17,600"
"SAMSUNG Galaxy Note10 Lite (Aura Red, 128 GB)",4.3,"1,544",8 GB RAM , 128 GB ROM ,17.02 cm (6.7 inch) Full HD+ Display,12MP + 12MP + 12MP | 32MP Front Camera,4500 mAh Lithium-ion Battery,"₹45,000",11% off,"₹39,999"
"SAMSUNG Galaxy Note10 Lite (Aura Red, 128 GB)",4.4,412,6 GB RAM , 128 GB ROM ,17.02 cm (6.7 inch) Full HD+ Display,12MP + 12MP + 12MP | 32MP Front Camera,4500 mAh Lithium-ion Battery,"₹43,000",11% off,"₹37,999"
"SAMSUNG Galaxy J5 (Black, 8 GB)",4.3,"24,866",1.5 GB RAM , 8 GB ROM ,12.7 cm (5 inch) HD Display,13MP Rear Camera | 5MP Front Camera,2600 mAh Battery,0,0,"₹7,990"
"SAMSUNG Galaxy J7 (Gold, 16 GB)",4.3,"40,228",1.5 GB RAM , 16 GB ROM ,13.97 cm (5.5 inch) HD Display,13MP Rear Camera | 5MP Front Camera,3000 mAh Battery,0,0,"₹11,700"
"SAMSUNG Galaxy J7 Prime 2 (Black, 32 GB)",4.3,"2,334",3 GB RAM , 32 GB ROM,13.97 cm (5.5 inch) Full HD Display,13MP Rear Camera | 13MP Front Camera,3300 mAh Li-ion Battery,0,0,"₹14,990"
"SAMSUNG Galaxy A30s (Prism Crush White, 128 GB)",4.3,"4,275",4 GB RAM , 128 GB ROM,16.26 cm (6.4 inch) HD+ Display,25MP + 5MP + 8MP | 16MP Front Camera,4000 mAh Li-ion Battery,0,0,"₹19,900"
"SAMSUNG Galaxy A7 (Black, 64 GB)",4.4,"12,915",4 GB RAM , 64 GB ROM ,15.24 cm (6 inch) Full HD+ Display,24MP + 5MP + 8MP | 24MP Front Camera,3300 mAh Lithium-ion Battery,0,0,"₹22,300"
"SAMSUNG Galaxy J4 Plus (Blue, 32 GB)",4.3,"4,493",2 GB RAM , 32 GB ROM ,15.24 cm (6 inch) HD+ Display,13MP Rear Camera | 5MP Front Camera,3300 mAh Lithium-ion Battery,0,0,"₹9,000"
"SAMSUNG Galaxy J1 (White, 4 GB)",4,632,0.5 GB RAM , 4 GB ROM ,10.92 cm (4.3 inch) WVGA Display,5MP Rear Camera | 2MP Front Camera,1850 mAh Battery,0,0,"₹6,190"
"SAMSUNG Galaxy J2 (Black, 8 GB)",4.1,"20,388",1 GB RAM , 8 GB ROM ,11.94 cm (4.7 inch) quarter HD Display,5MP Rear Camera | 2MP Front Camera,2000 mAh Battery,0,0,"₹7,400"
"SAMSUNG Galaxy A80 (Ghost White, 128 GB)",4.4,"5,392",8 GB RAM , 128 GB ROM,17.02 cm (6.7 inch) Full HD+ Display,48MP + 8MP | 48MP(F2.0) + 8MP(Ultra Wide/F2.2) + TOF (Time-of-Flight) 3D-Depth Rotating Camera,3700 mAh Battery,0,0,"₹29,899"
"SAMSUNG Galaxy Note 10 Plus (Aura Glow, 256 GB)",4.6,"5,191",12 GB RAM , 256 GB ROM ,17.27 cm (6.8 inch) Display,12MP (Dual Aperture) + 12MP + 16MP + TOF | 10MP Front Camera,4300 mAh Battery,"₹85,000",29% off,"₹59,999"
"SAMSUNG Galaxy Note 3 (Jet Black, 32 GB)",4.1,"4,476",3 GB RAM , 32 GB ROM ,14.48 cm (5.7 inch) Full HD Display,13MP Rear Camera | 2MP Front Camera,3200 mAh Li-Ion Battery,0,0,"₹21,999"
"SAMSUNG Galaxy J5 (Gold, 8 GB)",4.3,"24,866",1.5 GB RAM , 8 GB ROM ,12.7 cm (5 inch) HD Display,13MP Rear Camera | 5MP Front Camera,2600 mAh Battery,0,0,"₹10,490"
"SAMSUNG Galaxy J4 Plus (Black, 32 GB)",4.3,"4,493",2 GB RAM , 32 GB ROM ,15.24 cm (6 inch) HD+ Display,13MP Rear Camera | 5MP Front Camera,3300 mAh Lithium-ion Battery,0,0,"₹9,000"
"SAMSUNG Tizen Z3 (Silver, 8 GB)",3.3,"5,190",1 GB RAM , 8 GB ROM ,12.7 cm (5 inch) HD Display,8MP Rear Camera | 5MP Front Camera,2600 mAh Li-Ion Battery,0,0,"₹5,890"
"SAMSUNG Galaxy S7 Edge (Silver Titanium, 32 GB)",4.4,"3,840",4 GB RAM , 32 GB ROM ,13.97 cm (5.5 inch) Quad HD Display,12MP Rear Camera | 5MP Front Camera,3600 mAh Li-Ion Battery,0,0,"₹41,900"
"SAMSUNG Z1 (White, 4 GB)",3.5,"3,207",768 MB RAM , 4 GB ROM ,10.16 cm (4 inch) WVGA Display,3.1MP Rear Camera | 0.3MP Front Camera,1500 mAh Li-Ion Battery,0,0,"₹3,990"
"SAMSUNG Galaxy A50 (Black, 64 GB)",4.3,"67,849",4 GB RAM , 64 GB ROM ,16.26 cm (6.4 inch) Full HD+ Display,25MP + 5MP + 8MP | 25MP Front Camera,4000 mAh Lithium-ion Battery,0,0,"₹21,000"
"SAMSUNG Sm-G361Hhadins (Charcoal Gray, 8 GB)",3,3,1 GB RAM , 8 GB ROM,11.43 cm (4.5 inch) WVGA Display,5MP Rear Camera,2000 mAh Li-Ion Battery,0,0,"₹8,999"
"SAMSUNG Galaxy A50 (Blue, 64 GB)",4.3,"67,849",4 GB RAM , 64 GB ROM ,16.26 cm (6.4 inch) Full HD+ Display,25MP + 5MP + 8MP | 25MP Front Camera,4000 mAh Lithium-ion Battery,0,0,"₹21,000"
"SAMSUNG Galaxy M20 (Ocean Blue, 32 GB)",4.3,"2,021",3 GB RAM , 32 GB ROM ,16.0 cm (6.3 inch) Full HD+ Display,13MP + 5MP | 8MP Front Camera,5000 mAh Battery,"₹11,290",2% off,"₹10,990"
"SAMSUNG Galaxy S20 Ultra (Cosmic Black, 128 GB)",4.3,92,12 GB RAM , 128 GB ROM ,17.53 cm (6.9 inch) Quad HD+ Display,108 MP + 48 MP + 12 MP + VGA Depth Camera | 40MP Front Camera,5000 mAh Lithium-ion Battery,0,0,"₹1,03,000"
"SAMSUNG Galaxy S10e (Prism Black, 128 GB)",4.5,675,6 GB RAM , 128 GB ROM ,14.73 cm (5.8 inch) Full HD+ Display,16MP + 12MP | 10MP Front Camera,3100 mAh Lithium-ion Battery,0,0,"₹59,000"
"SAMSUNG Galaxy S10 Lite (Prism White, 128 GB)",4.5,"12,693",8 GB RAM , 128 GB ROM ,17.02 cm (6.7 inch) Full HD+ Display,48MP + 12MP + 5MP | 32MP Front Camera,4500 mAh Lithium-ion Battery,"₹43,999",6% off,"₹40,999"
"SAMSUNG Galaxy J5 - 6 (New 2016 Edition) (Gold, 16 GB)",4.2,"1,08,281",2 GB RAM , 16 GB ROM ,13.21 cm (5.2 inch) HD Display,13MP Rear Camera | 5MP Front Camera,3100 mAh Li-Ion Battery,0,0,"₹10,990"
"SAMSUNG Galaxy Note 5 (Silver Titanium, 64 GB)",3.9,380,4 GB RAM , 64 GB ROM,14.48 cm (5.7 inch) HD Display,16MP Rear Camera | 5MP Front Camera,3000 mAh Battery,0,0,"₹39,900"
"SAMSUNG Galaxy S4 Zoom (White, 8 GB)",3.8,216,1.5 GB RAM , 8 GB ROM ,10.92 cm (4.3 inch) quarter HD Display,16MP Rear Camera | 1.9MP Front Camera,2330 mAh Li-Ion Battery,0,0,"₹15,990"
"SAMSUNG Galaxy S6 Edge+ (Gold Platinum, 32 GB)",4.2,159,4 GB RAM , 32 GB ROM,14.48 cm (5.7 inch) Quad HD Display,16MP Rear Camera | 5MP Front Camera,3000 mAh Li-Ion Battery,"₹61,988",54% off,"₹28,000"
"SAMSUNG Galaxy A80 (Angel Gold, 128 GB)",4.4,"5,392",8 GB RAM , 128 GB ROM,17.02 cm (6.7 inch) Full HD+ Display,48MP + 8MP | 48MP(F2.0) + 8MP(Ultra Wide/F2.2) + TOF (Time-of-Flight) 3D-Depth Rotating Camera,3700 mAh Battery,0,0,"₹29,998"
"SAMSUNG Galaxy S7 (Black Onyx, 32 GB)",4.4,"31,872",4 GB RAM , 32 GB ROM ,12.95 cm (5.1 inch) Quad HD Display,12MP Rear Camera | 5MP Front Camera,3000 mAh Li-Ion Battery,0,0,"₹24,999"
"SAMSUNG Galaxy E7 (Blue, 16 GB)",4.3,"1,424",2 GB RAM , 16 GB ROM ,13.97 cm (5.5 inch) HD Display,13MP Rear Camera | 5MP Front Camera,2950 mAh Battery,0,0,"₹18,340"
"SAMSUNG Galaxy S6 Edge (Black, 64 GB)",4,"1,219",3 GB RAM , 64 GB ROM,12.95 cm (5.1 inch) Quad HD Display,16MP Rear Camera | 5MP Front Camera,2600 mAh Battery,0,0,"₹39,999"
"SAMSUNG Galaxy Grand 2 (White, 8 GB)",4.1,"4,687",1.5 GB RAM , 8 GB ROM ,13.31 cm (5.24 inch) HD Display,8MP Rear Camera | 1.9MP Front Camera,2600 mAh Li-Ion Battery,0,0,"₹10,990"
"SAMSUNG Galaxy Grand Quattro (Ceramic White, 8 GB)",4,"3,152",1 GB RAM , 8 GB ROM ,11.94 cm (4.7 inch) WVGA Display,5MP Rear Camera | 0.3MP Front Camera,2000 mAh Li-Ion Battery,0,0,"₹6,999"
"SAMSUNG Galaxy Trend (Midnight Black, 4 GB)",3.6,"1,945",512 MB RAM , 4 GB ROM ,10.16 cm (4 inch) WVGA Display,3MP Rear Camera,1500 mAh Li-Ion Battery,0,0,"₹4,999"
"SAMSUNG Galaxy E5 (Black, 16 GB)",4.2,"1,011",1.5 GB RAM , 16 GB ROM ,12.7 cm (5 inch) Display,8MP Rear Camera | 5MP Front Camera,2400 mAh Li-Ion Battery,0,0,"₹9,890"
"SAMSUNG Galaxy S3 Neo (Black, 16 GB)",4.2,"13,441",1.5 GB RAM , 16 GB ROM ,12.19 cm (4.8 inch) HD Display,8MP Rear Camera | 1.9MP Front Camera,2100 mAh Li-Ion Battery,0,0,"₹13,499"
"SAMSUNG Galaxy Note Edge (Frost White, 32 GB)",3.3,182,3 GB RAM , 32 GB ROM ,14.22 cm (5.6 inch) Display,16MP Rear Camera | 3.7MP Front Camera,3000 mAh Battery,0,0,"₹30,000"
"SAMSUNG Galaxy E7 (White, 16 GB)",4.3,"1,424",2 GB RAM , 16 GB ROM ,13.97 cm (5.5 inch) HD Display,13MP Rear Camera | 5MP Front Camera,2950 mAh Battery,0,0,"₹12,999"
"SAMSUNG Tizen Z3 (Gold, 8 GB)",3.3,"5,190",1 GB RAM , 8 GB ROM ,12.7 cm (5 inch) HD Display,8MP Rear Camera | 5MP Front Camera,2600 mAh Li-Ion Battery,0,0,"₹4,990"
"SAMSUNG Grand Prime (Grey, 8 GB)",4,"2,195",1 GB RAM , 8 GB ROM ,12.7 cm (5 inch) quarter HD Display,8MP Rear Camera | 5MP Front Camera,2600 mAh Li-Ion Battery,0,0,"₹8,500"
"SAMSUNG Galaxy S Duos 2 (Pure White, 4 GB)",4,"11,623",717 MB RAM , 4 GB ROM ,10.16 cm (4 inch) WVGA Display,5MP Rear Camera | 0.3MP Front Camera,1500 mAh Li-Ion Battery,0,0,"₹5,999"
"SAMSUNG Galaxy Note 5 Dual (Gold Platinum, 32 GB)",4.2,118,4 GB RAM , 32 GB ROM,14.48 cm (5.7 inch) Quad HD Display,16MP Rear Camera,3000 mAh Battery,0,0,"₹32,990"
"SAMSUNG Galaxy S10 Plus (Prism Blue, 128 GB)",4.6,"1,206",8 GB RAM , 128 GB ROM ,16.26 cm (6.4 inch) Quad HD+ Display,16MP + 12MP | 10MP + 8MP Dual Front Camera,4100 mAh Lithium-ion Battery,"₹72,500",32% off,"₹49,000"
"SAMSUNG Z1 (Wine Red, 4096 MB)",3.5,"3,207",768 MB RAM , 4096 MB ROM ,8.89 cm (3.5 inch) WVGA Display,3.1MP Rear Camera | 0.3MP Front Camera,1500 mAh Li-Ion Battery,0,0,"₹5,555"
"SAMSUNG Galaxy Core 2 (Black, 4 GB)",3.9,"3,345",768 MB RAM , 4 GB ROM ,11.43 cm (4.5 inch) WVGA Display,5MP Rear Camera | 0.3MP Front Camera,2000 mAh Battery,0,0,"₹5,920"
"SAMSUNG Galaxy S6 (White Pearl, 32 GB)",4,666,3 GB RAM , 32 GB ROM,12.95 cm (5.1 inch) Quad HD Display,16MP Rear Camera | 5MP Front Camera,2550 mAh Battery,0,0,"₹24,500"
"SAMSUNG Galaxy Note 3 Neo (White, 16 GB)",4.2,"2,030",2 GB RAM , 16 GB ROM ,13.97 cm (5.5 inch) HD Display,8MP Rear Camera | 2MP Front Camera,3100 mAh Li-Ion Battery,0,0,"₹11,250"
"SAMSUNG Galaxy S6 Edge+ (Silver Titanium, 32 GB)",4.2,159,4 GB RAM , 32 GB ROM,14.48 cm (5.7 inch) Quad HD Display,16MP Rear Camera | 5MP Front Camera,3000 mAh Li-Ion Battery,0,0,"₹34,999"
"SAMSUNG Galaxy S4 Mini (White Frost, 8 GB)",3.8,"1,241",1.5 GB RAM , 8 GB ROM ,10.85 cm (4.27 inch) quarter HD Display,8MP Rear Camera | 1.9MP Front Camera,1900 mAh Li-Ion Battery,0,0,"₹14,000"
"SAMSUNG Galaxy S21 (Phantom White, 128 GB)",4.4,112,8 GB RAM , 128 GB ROM,15.75 cm (6.2 inch) Full HD+ Display,64MP + 12MP + 12MP | 10MP Front Camera,4000 mAh Lithium-ion Battery,"₹83,999",16% off,"₹69,999"
"SAMSUNG Galaxy S5 (Shimmery White, 16 GB)",3.9,"11,414",2 GB RAM , 16 GB ROM ,12.95 cm (5.1 inch) Full HD Display,16MP Rear Camera | 2MP Front Camera,2800 mAh Li-Ion Battery,0,0,"₹5,999"
"SAMSUNG Galaxy Z Flip (Mirror Black, 256 GB)",,,8 GB RAM , 256 GB ROM,17.02 cm (6.7 inch) Display,12MP Rear Camera | 12MP Front Camera,3300 mAh Battery,0,0,"₹66,000"
"SAMSUNG Galaxy A6 (Black, 32 GB)",4.4,676,4 GB RAM , 32 GB ROM,14.22 cm (5.6 inch) Display,16MP Rear Camera | 16MP Front Camera,3000 mAh Battery,"₹22,990",45% off,"₹12,499"
"SAMSUNG On5 Pro (Black, 16 GB)",4.2,365,2 GB RAM , 16 GB ROM,12.7 cm (5 inch) Display,8MP Rear Camera | 5MP Front Camera,2600 mAh Battery,0,0,"₹6,990"
"SAMSUNG Galaxy S20 Ultra (Cosmic Black, 128 GB)",4.3,92,12 GB RAM , 128 GB ROM ,17.53 cm (6.9 inch) Quad HD+ Display,108 MP + 48 MP + 12 MP + VGA Depth Camera | 40MP Front Camera,5000 mAh Lithium-ion Battery,0,0,"₹1,03,000"
"SAMSUNG Galaxy Note 9 (Metallic Copper, 512 GB)",4.6,233,8 GB RAM , 512 GB ROM ,16.26 cm (6.4 inch) Quad HD+ Display,12MP + 12MP | 8MP Front Camera,4000 mAh Lithium-ion Battery,0,0,"₹93,000"
"SAMSUNG Galaxy Note 10 Plus (Aura White, 256 GB)",4.6,"5,190",12 GB RAM , 256 GB ROM ,17.27 cm (6.8 inch) Display,12MP (Dual Aperture) + 12MP + 16MP + TOF | 10MP Front Camera,4300 mAh Battery,"₹85,000",29% off,"₹59,999"
"SAMSUNG Galaxy M21 (Iceberg Blue, 128 GB)",4.2,"1,417",6 GB RAM , 128 GB ROM,16.26 cm (6.4 inch) Display,48MP Rear Camera,6000 mAh Battery,0,0,"₹15,990"
"SAMSUNG Galaxy A50s (Prism Crush Violet, 128 GB)",4.3,"47,141",4 GB RAM , 128 GB ROM,16.26 cm (6.4 inch) Full HD+ Display,48MP + 5MP + 8MP | 32MP Front Camera,4000 mAh Li-ion Battery,"₹24,900",39% off,"₹14,999"
"SAMSUNG Galaxy S9 Plus (Coral Blue, 128 GB)",4.5,"39,062",6 GB RAM , 128 GB ROM ,15.75 cm (6.2 inch) Quad HD+ Display,12MP + 12MP | 8MP Front Camera,3500 mAh Battery,0,0,"₹68,900"
"SAMSUNG Galaxy S3 Neo (Marble White, 16 GB)",4.2,"13,441",1.5 GB RAM , 16 GB ROM ,12.19 cm (4.8 inch) HD Display,8MP Rear Camera | 1.9MP Front Camera,2100 mAh Li-ion Battery,0,0,"₹22,140"
"SAMSUNG Galaxy Note 4 (Blossom Pink, 32 GB)",4.1,"4,251",3 GB RAM , 32 GB ROM ,14.48 cm (5.7 inch) Quad HD Display,16MP Rear Camera | 3.7MP Front Camera,3220 mAh Battery,0,0,"₹39,999"
"SAMSUNG Galaxy Fold 2 (Mystic Black, 256 GB)",4.3,6,12 GB RAM , 256 GB ROM,19.3 cm (7.6 inch) Display,12MP + 12MP + 12MP,4500 mAh Lithium-ion Battery,"₹1,89,999",28% off,"₹1,34,999"
"SAMSUNG Galaxy A5-2017 (Black Sky, 32 GB)",4.1,637,3 GB RAM , 32 GB ROM ,13.21 cm (5.2 inch) Full HD Display,16MP Rear Camera | 16MP Front Camera,3000 mAh Battery,0,0,"₹22,900"
"SAMSUNG Galaxy S9 Plus (Coral Blue, 64 GB)",4.5,"39,062",6 GB RAM , 64 GB ROM ,15.75 cm (6.2 inch) Quad HD+ Display,12MP + 12MP | 8MP Front Camera,3500 mAh Battery,0,0,"₹70,000"
"SAMSUNG Galaxy S9 Plus (Sunrise Gold, 128 GB)",4.5,"39,062",6 GB RAM , 128 GB ROM ,15.75 cm (6.2 inch) Quad HD+ Display,12MP + 12MP | 8MP Front Camera,3500 mAh Battery,0,0,"₹68,900"
"SAMSUNG Galaxy A5 (Champagne Gold, 16 GB)",4.1,"1,975",2 GB RAM , 16 GB ROM ,12.7 cm (5 inch) HD Display,13MP Rear Camera | 5MP Front Camera,2300 mAh Battery,0,0,"₹17,990"
"SAMSUNG Galaxy A5 (Midnight Black, 16 GB)",4.1,"1,975",2 GB RAM , 16 GB ROM ,12.7 cm (5 inch) HD Display,13MP Rear Camera | 5MP Front Camera,2300 mAh Battery,0,0,"₹17,990"
"SAMSUNG Galaxy S9 Plus (Midnight Black, 128 GB)",4.5,"39,062",6 GB RAM , 128 GB ROM ,15.75 cm (6.2 inch) Quad HD+ Display,12MP + 12MP | 8MP Front Camera,3500 mAh Battery,0,0,"₹68,900"
"SAMSUNG Galaxy A9 (Lemonade Blue, 128 GB)",4.3,569,8 GB RAM , 128 GB ROM ,16.0 cm (6.3 inch) Full HD+ Display,24MP + 5MP + 10MP + 8MP | 24MP Front Camera,3800 mAh Lithium-ion Battery,0,0,"₹39,000"
"SAMSUNG Z4 (Gold, 8 GB)",3.5,"1,215",1 GB RAM , 8 GB ROM ,11.43 cm (4.5 inch) WVGA Display,5MP Rear Camera | 5MP Front Camera,2050 mAh Battery,0,0,"₹6,200"
"SAMSUNG Galaxy Pocket Neo (Metallic Silver, 4 GB)",3.9,"1,375",512 MB RAM , 4 GB ROM ,7.62 cm (3 inch) QVGA Display,2MP Rear Camera,1200 mAh Battery,0,0,"₹5,000"
"SAMSUNG Galaxy S9 (Coral Blue, 64 GB)",4.4,"30,544",4 GB RAM , 64 GB ROM ,14.73 cm (5.8 inch) Quad HD+ Display,12MP Rear Camera | 8MP Front Camera,3000 mAh Battery,0,0,"₹62,500"
"SAMSUNG Galaxy Note 9 (Alpine White, 128 GB)",4.6,"2,116",6 GB RAM , 128 GB ROM ,16.26 cm (6.4 inch) Quad HD+ Display,12MP + 12MP | 8MP Front Camera,4000 mAh Lithium-ion Battery,0,0,"₹73,600"
"SAMSUNG Galaxy S5 (Electric Blue, 16 GB)",3.9,"11,414",2 GB RAM , 16 GB ROM ,12.95 cm (5.1 inch) Full HD Display,16MP Rear Camera | 2MP Front Camera,2800 mAh Li-Ion Battery,0,0,"₹21,999"
"SAMSUNG Galaxy A9 Pro (Gold, 32 GB)",4.3,"3,421",4 GB RAM , 32 GB ROM ,15.24 cm (6 inch) Full HD Display,16MP Rear Camera | 8MP Front Camera,5000 mAh Li-Ion Battery,0,0,"₹19,980"
"SAMSUNG Galaxy On8 (Black, 64 GB)",4.4,"79,827",4 GB RAM , 64 GB ROM ,15.24 cm (6 inch) HD+ Display,16MP + 5MP | 16MP Front Camera,3500 mAh Lithium-ion Battery,0,0,"₹19,990"
"SAMSUNG Galaxy A8 (Gold, 32 GB)",4.2,"1,216",2 GB RAM , 32 GB ROM ,14.48 cm (5.7 inch) Full HD Display,16MP Rear Camera | 5MP Front Camera,3050 mAh Battery,0,0,"₹25,990"
"SAMSUNG Galaxy S8 (Burgundy Red, 64 GB)",4.6,"31,088",4 GB RAM , 64 GB ROM ,14.73 cm (5.8 inch) Quad HD+ Display,12MP Rear Camera | 8MP Front Camera,3000 mAh Battery,0,0,"₹49,990"
"SAMSUNG Galaxy A3 (Pearl White, 16 GB)",4,"1,792",1 GB RAM , 16 GB ROM ,11.43 cm (4.5 inch) quarter HD Display,8MP Rear Camera | 5MP Front Camera,1900 mAh Battery,0,0,"₹10,800"
"SAMSUNG Galaxy A5-2017 (Gold Sand, 32 GB)",4.1,637,3 GB RAM , 32 GB ROM ,13.21 cm (5.2 inch) Full HD Display,16MP Rear Camera | 16MP Front Camera,3000 mAh Battery,0,0,"₹22,900"
"SAMSUNG Galaxy A8 (Black, 32 GB)",4.2,"1,216",2 GB RAM , 32 GB ROM ,14.48 cm (5.7 inch) Full HD Display,16MP Rear Camera | 5MP Front Camera,3050 mAh Battery,0,0,"₹25,990"
"SAMSUNG Galaxy A9 Pro (Black, 32 GB)",4.3,"3,421",4 GB RAM , 32 GB ROM ,15.24 cm (6 inch) Full HD Display,16MP Rear Camera | 8MP Front Camera,5000 mAh Li-Ion Battery,0,0,"₹22,900"
"SAMSUNG Galaxy S6 Edge (White Pearl, 32 GB)",4,"1,219",3 GB RAM , 32 GB ROM,12.95 cm (5.1 inch) Quad HD Display,16MP Rear Camera | 5MP Front Camera,2600 mAh Battery,0,0,"₹44,900"
"SAMSUNG Galaxy E5 (Brown, 16 GB)",4.2,"1,011",1.5 GB RAM , 16 GB ROM ,12.7 cm (5 inch) Display,8MP Rear Camera | 5MP Front Camera,2400 mAh Battery,0,0,"₹20,400"
"SAMSUNG Galaxy M10S (Metallic Blue, 32 GB)",4.4,918,3 GB RAM , 32 GB ROM,16.26 cm (6.4 inch) Display,13MP Rear Camera,4000 mAh Battery,"₹10,000",10% off,"₹8,990"
"SAMSUNG Galaxy J2 - 2016 (Black, 8 GB)",4,"3,397",1.5 GB RAM , 8 GB ROM ,12.7 cm (5 inch) HD Display,8MP Rear Camera | 5MP Front Camera,2600 mAh Li-Ion Battery,0,0,"₹7,200"
"SAMSUNG Galaxy S10 (Prism White, 128 GB)",4.6,"1,811",8 GB RAM , 128 GB ROM ,15.49 cm (6.1 inch) Quad HD+ Display,16MP + 12MP | 10MP Front Camera,3400 mAh Lithium-ion Battery,0,0,"₹71,000"
"SAMSUNG Z2 (Gold, 8 GB)",3.6,"12,852",1 GB RAM , 8 GB ROM,10.16 cm (4 inch) Display,5MP Rear Camera,1500 mAh Battery,0,0,"₹4,790"
"SAMSUNG Galaxy S21 (Phantom Gray, 256 GB)",4.4,112,8 GB RAM , 256 GB ROM,15.75 cm (6.2 inch) Full HD+ Display,64MP + 12MP + 12MP | 10MP Front Camera,4000 mAh Lithium-ion Battery,"₹87,999",15% off,"₹73,999"
"SAMSUNG Galaxy A9 Pro (White, 32 GB)",4.3,"3,421",4 GB RAM , 32 GB ROM ,15.24 cm (6 inch) Full HD Display,16MP Rear Camera | 8MP Front Camera,5000 mAh Li-Ion Battery,0,0,"₹26,900"
"SAMSUNG Galaxy M10S (Stainless Black, 32 GB)",4.4,918,3 GB RAM , 32 GB ROM,16.26 cm (6.4 inch) Display,13MP Rear Camera,4000 mAh Battery,"₹10,000",9% off,"₹9,100"
"SAMSUNG Galaxy Note 10 (Aura Black, 256 GB)",4.5,270,8 GB RAM , 256 GB ROM,16.0 cm (6.3 inch) Display,12MP (Dual Aperture) + 12MP + 16MP | 10MP Front Camera,3500 mAh Battery,"₹75,000",1% off,"₹73,600"
"SAMSUNG Galaxy S4 (White Frost, 16 GB)",3.9,"7,152",2 GB RAM , 16 GB ROM ,12.7 cm (5 inch) Full HD Display,13MP Rear Camera | 2MP Front Camera,2600 mAh Li-Ion Battery,0,0,"₹40,690"
"SAMSUNG Galaxy On8 (Blue, 64 GB)",4.4,"79,827",4 GB RAM , 64 GB ROM ,15.24 cm (6 inch) HD+ Display,16MP + 5MP | 16MP Front Camera,3500 mAh Lithium-ion Battery,0,0,"₹19,990"
"SAMSUNG Galaxy J7 (Black, 16 GB)",4.3,"40,228",1.5 GB RAM , 16 GB ROM ,13.97 cm (5.5 inch) HD Display,13MP Rear Camera | 5MP Front Camera,3000 mAh Battery,0,0,"₹11,700"
"SAMSUNG Galaxy Note 4 (Charcoal Black, 32 GB)",4.1,"4,251",3 GB RAM , 32 GB ROM ,14.48 cm (5.7 inch) Quad HD Display,16MP Rear Camera | 3.7MP Front Camera,3220 mAh Battery,0,0,"₹36,900"
"SAMSUNG Galaxy Note 4 (Charcoal Black, 32 GB)",4.1,"4,251",3 GB RAM , 32 GB ROM ,14.48 cm (5.7 inch) Quad HD Display,16MP Rear Camera | 3.7MP Front Camera,3220 mAh Battery,0,0,"₹36,900"
"SAMSUNG Galaxy J7 Prime (Black, 32 GB)",4.2,"19,615",3 GB RAM , 32 GB ROM ,13.97 cm (5.5 inch) Full HD Display,13MP Rear Camera | 8MP Front Camera,3300 mAh Battery,0,0,"₹15,300"
"SAMSUNG Galaxy Ace NXT (Ceramic White, 4 GB)",3.8,394,512 MB RAM , 4 GB ROM ,10.16 cm (4 inch) WVGA Display,3MP Rear Camera,1500 mAh Battery,0,0,"₹5,490"
"SAMSUNG Galaxy J2 - 2016 (Gold, 8 GB)",4,"3,397",1.5 GB RAM , 8 GB ROM ,12.7 cm (5 inch) HD Display,8MP Rear Camera | 5MP Front Camera,2600 mAh Li-Ion Battery,0,0,"₹7,200"
"SAMSUNG Galaxy S10 (Prism Black, 128 GB)",4.6,"1,811",8 GB RAM , 128 GB ROM ,15.49 cm (6.1 inch) Quad HD+ Display,16MP + 12MP | 10MP Front Camera,3400 mAh Lithium-ion Battery,0,0,"₹71,000"
"SAMSUNG Galaxy J7 Duo (Blue, 32 GB)",4.3,"2,798",4 GB RAM , 32 GB ROM ,13.97 cm (5.5 inch) HD Display,13MP + 5MP | 8MP Front Camera,3000 mAh Battery,0,0,"₹17,990"
"SAMSUNG Galaxy Core Prime 4G (White, 8 GB)",4,159,1 GB RAM , 8 GB ROM,11.43 cm (4.5 inch) WVGA Display,5MP Rear Camera | 2MP Front Camera,2000 mAh Li-Ion Battery,0,0,"₹6,999"
"SAMSUNG Galaxy S7 (Gold Platinum, 32 GB)",4.4,"31,872",4 GB RAM , 32 GB ROM ,12.95 cm (5.1 inch) Quad HD Display,12MP Rear Camera | 5MP Front Camera,3000 mAh Li-Ion Battery,"₹52,000",57% off,"₹22,222"
"SAMSUNG Galaxy A5 2016 Edition (White, 16 GB)",4.1,926,2 GB RAM , 16 GB ROM ,13.21 cm (5.2 inch) Full HD Display,13MP Rear Camera | 5MP Front Camera,2900 mAh Li-Ion Battery,0,0,"₹14,490"
"SAMSUNG Galaxy Note 8 (Maple Gold, 64 GB)",4.6,"5,615",6 GB RAM , 64 GB ROM ,16.0 cm (6.3 inch) Quad HD+ Display,12MP + 12MP | 8MP Front Camera,3300 mAh Battery,"₹79,999",55% off,"₹35,990"
"SAMSUNG Galaxy A5 (Black, 16 GB)",4.1,"1,975",2 GB RAM , 16 GB ROM ,13.21 cm (5.2 inch) Full HD Display,13MP Rear Camera | 5MP Front Camera,2900 mAh Li-Ion Battery,0,0,"₹14,490"
"SAMSUNG Galaxy S10e (Prism Black, 128 GB)",4.5,675,6 GB RAM , 128 GB ROM ,14.73 cm (5.8 inch) Full HD+ Display,16MP + 12MP | 10MP Front Camera,3100 mAh Lithium-ion Battery,0,0,"₹59,000"
"SAMSUNG Galaxy C7 Pro (Gold, 64 GB)",4.4,"1,850",4 GB RAM , 64 GB ROM ,14.48 cm (5.7 inch) Full HD Display,16MP Rear Camera | 16MP Front Camera,3300 mAh Battery,0,0,"₹26,600"
"SAMSUNG Galaxy A7 (Midnight Black, 16 GB)",4.1,704,2 GB RAM , 16 GB ROM ,13.97 cm (5.5 inch) Full HD Display,13MP Rear Camera | 5MP Front Camera,2600 mAh Battery,0,0,"₹19,990"
"SAMSUNG Galaxy Note 10 (Aura Red, 256 GB)",4.5,270,8 GB RAM , 256 GB ROM,16.0 cm (6.3 inch) Display,12MP (Dual Aperture) + 12MP + 16MP | 10MP Front Camera,3500 mAh Battery,"₹75,000",1% off,"₹73,600"
"SAMSUNG Galaxy S10e (Prism White, 128 GB)",4.5,675,6 GB RAM , 128 GB ROM ,14.73 cm (5.8 inch) Full HD+ Display,16MP + 12MP | 10MP Front Camera,3100 mAh Lithium-ion Battery,0,0,"₹59,000"
"SAMSUNG Galaxy Note 10 (Aura Glow, 256 GB)",4.5,270,8 GB RAM , 256 GB ROM,16.0 cm (6.3 inch) Display,12MP (Dual Aperture) + 12MP + 16MP | 10MP Front Camera,3500 mAh Battery,"₹75,000",1% off,"₹73,600"
"SAMSUNG Galaxy Grand Neo Plus (White, 8 GB)",4,776,1 GB RAM , 8 GB ROM ,12.7 cm (5 inch) WVGA Display,5MP Rear Camera | 2MP Front Camera,2100 mAh Li-Ion Battery,0,0,"₹9,790"
"SAMSUNG Galaxy S10 Plus (Prism White, 128 GB)",4.6,"1,206",8 GB RAM , 128 GB ROM ,16.26 cm (6.4 inch) Quad HD+ Display,16MP + 12MP | 10MP + 8MP Dual Front Camera,4100 mAh Lithium-ion Battery,0,0,"₹79,000"
"SAMSUNG On7 Pro (Black, 16 GB)",4.1,"1,484",2 GB RAM , 16 GB ROM,13.97 cm (5.5 inch) Display,13MP Rear Camera | 5MP Front Camera,3000 mAh Battery,"₹9,490",30% off,"₹6,549"
"SAMSUNG Galaxy M40 (COCKTAIL ORANGE, 128 GB)",4.2,"1,201",6 GB RAM , 128 GB ROM,16.0 cm (6.3 inch) Display,32MP Rear Camera,3500 mAh Battery,0,0,"₹15,490"
"SAMSUNG Galaxy Note 8 (Midnight Black, 64 GB)",4.6,"5,615",6 GB RAM , 64 GB ROM ,16.0 cm (6.3 inch) Quad HD+ Display,12MP + 12MP | 8MP Front Camera,3300 mAh Battery,"₹69,000",49% off,"₹34,999"
"SAMSUNG Galaxy A3 (Midnight Black, 16 GB)",4,"1,792",1 GB RAM , 16 GB ROM ,11.43 cm (4.5 inch) quarter HD Display,8MP Rear Camera | 5MP Front Camera,1900 mAh Battery,0,0,"₹7,599"
"SAMSUNG Galaxy Grand Neo (White, 8 GB)",3.8,"1,018",1 GB RAM , 8 GB ROM ,12.73 cm (5.01 inch) WVGA Display,5MP Rear Camera | 0.3MP Front Camera,2100 mAh Li-Ion Battery,0,0,"₹13,500"
"SAMSUNG Galaxy A7 (Pearl White, 16 GB)",4.1,704,2 GB RAM , 16 GB ROM ,13.97 cm (5.5 inch) Full HD Display,13MP Rear Camera | 5MP Front Camera,2600 mAh Battery,0,0,"₹19,990"
"SAMSUNG Galaxy Note 10 Plus (Aura Glow, 512 GB)",4.6,"5,191",12 GB RAM , 512 GB ROM ,17.27 cm (6.8 inch) Display,12MP (Dual Aperture) + 12MP + 16MP + TOF | 10MP Front Camera,4300 mAh Battery,0,0,"₹95,000"
"SAMSUNG Galaxy S7 Edge (Pink Gold, 32 GB)",4.4,"3,840",4 GB RAM , 32 GB ROM ,13.97 cm (5.5 inch) Quad HD Display,12MP Rear Camera | 5MP Front Camera,3600 mAh Battery,0,0,"₹41,900"
"SAMSUNG Galaxy Mega 5.8 (Black, 8 GB)",3.8,426,1.5 GB RAM , 8 GB ROM ,14.73 cm (5.8 inch) quarter HD Display,8MP Rear Camera | 1.9MP Front Camera,2600 mAh Li-Ion Battery,0,0,"₹26,000"
"SAMSUNG Galaxy Grand Prime 4g (Grey, 8 GB)",3.9,624,1 GB RAM , 8 GB ROM ,12.7 cm (5 inch) quarter HD Display,8MP Rear Camera | 5MP Front Camera,2600 mAh Battery,0,0,"₹9,300"
"SAMSUNG Galaxy Note 10 Plus (Aura Black, 512 GB)",4.6,"5,191",12 GB RAM , 512 GB ROM ,17.27 cm (6.8 inch) Display,12MP (Dual Aperture) + 12MP + 16MP + TOF | 10MP Front Camera,4300 mAh Battery,0,0,"₹95,000"
"SAMSUNG Galaxy Core Prime (Charcoal Grey, 8 GB)",4.1,"6,912",1 GB RAM , 8 GB ROM ,11.43 cm (4.5 inch) WVGA Display,5MP Rear Camera | 2MP Front Camera,2000 mAh Li-Ion Battery,"₹9,700",43% off,"₹5,490"
"SAMSUNG Galaxy J2 Ace (Black, 8 GB)",4.1,"1,228",1.5 GB RAM , 8 GB ROM ,12.7 cm (5 inch) Display,8MP Rear Camera | 5MP Front Camera,2600 mAh Battery,0,0,"₹8,090"
"SAMSUNG Galaxy S20 (Cloud Blue, 128 GB)",4.3,262,8 GB RAM , 128 GB ROM ,15.75 cm (6.2 inch) Quad HD+ Display,64MP + 12MP + 12MP | 10MP Front Camera,4000 mAh Lithium-ion Battery,0,0,"₹49,980"
"SAMSUNG Galaxy J2 Pro (Silver, 16 GB)",4.2,"7,003",2 GB RAM , 16 GB ROM,12.7 cm (5 inch) HD Display,8MP Rear Camera | 5MP Front Camera,2600 mAh Battery,0,0,"₹8,200"
"SAMSUNG Galaxy Alpha (Dazzling White, 32 GB)",3.6,364,2 GB RAM , 32 GB ROM,11.94 cm (4.7 inch) HD Display,12MP Rear Camera | 2.1MP Front Camera,1860 mAh Battery,0,0,"₹19,999"
"SAMSUNG Galaxy Grand Neo Plus (White, 8 GB)",4,776,1 GB RAM , 8 GB ROM ,12.7 cm (5 inch) WVGA Display,5MP Rear Camera | 2MP Front Camera,2100 mAh Battery,0,0,"₹4,999"
"SAMSUNG Galaxy Star Pro (Midnight Black, 4 GB)",3.8,"6,308",512 MB RAM , 4 GB ROM ,10.16 cm (4 inch) WVGA Display,2MP Rear Camera,1500 mAh Li-Ion Battery,0,0,"₹4,299"
"SAMSUNG Galaxy Grand 2 (Black, 8 GB)",4.1,"4,687",1.5 GB RAM , 8 GB ROM ,13.31 cm (5.24 inch) HD Display,8MP Rear Camera | 1.9MP Front Camera,2600 mAh Li-Ion Battery,0,0,"₹9,999"
"SAMSUNG Galaxy S Duos 2 (Pure White, 4 GB)",4,"11,623",717 MB RAM , 4 GB ROM ,10.16 cm (4 inch) WVGA Display,5MP Rear Camera | 0.3MP Front Camera,1500 mAh Li-Ion Battery,0,0,"₹5,999"
"SAMSUNG Galaxy S7 Edge (Black Onyx, 32 GB)",4.4,"3,840",4 GB RAM , 32 GB ROM ,13.97 cm (5.5 inch) Quad HD Display,12MP Rear Camera | 5MP Front Camera,3600 mAh Li-Ion Battery,0,0,"₹41,900"
"SAMSUNG Galaxy Core 2 (White, 4 GB)",3.9,"3,345",768 MB RAM , 4 GB ROM ,11.43 cm (4.5 inch) WVGA Display,5MP Rear Camera | 0.3MP Front Camera,2000 mAh Battery,0,0,"₹5,940"
"SAMSUNG Galaxy Folder 2 (Wine Red, 16 GB)",3.7,48,2 GB RAM , 16 GB ROM,9.65 cm (3.8 inch) Display,8MP Rear Camera | 5MP Front Camera,1950 mAh Battery,0,0,"₹27,330"
"SAMSUNG Galaxy Core Prime (Silver, 8 GB)",4.1,"6,912",1 GB RAM , 8 GB ROM ,11.43 cm (4.5 inch) WVGA Display,5MP Rear Camera | 2MP Front Camera,2000 mAh Battery,0,0,"₹6,995"
"SAMSUNG Galaxy S6 Edge (Gold Platinum, 32 GB)",4,"1,219",3 GB RAM , 32 GB ROM,12.95 cm (5.1 inch) Quad HD Display,16MP Rear Camera | 5MP Front Camera,2600 mAh Battery,0,0,"₹29,999"
"SAMSUNG Galaxy Core (Metallic Blue, 8 GB)",4,"3,858",1 GB RAM , 8 GB ROM ,10.92 cm (4.3 inch) WVGA Display,5MP Rear Camera | 0.3MP Front Camera,1800 mAh Li-Ion Battery,0,0,"₹7,999"
"SAMSUNG Galaxy S7 (Silver Titanium, 32 GB)",4.4,"31,872",4 GB RAM , 32 GB ROM ,12.95 cm (5.1 inch) Quad HD Display,12MP Rear Camera | 5MP Front Camera,3000 mAh Li-Ion Battery,"₹45,500",48% off,"₹23,500"
"SAMSUNG Galaxy Trend (Ceramic White, 4 GB)",3.6,"1,945",512 MB RAM , 4 GB ROM ,10.16 cm (4 inch) WVGA Display,3MP Rear Camera,1500 mAh Li-Ion Battery,0,0,"₹4,999"
"SAMSUNG Galaxy Note 5 (Silver Titanium, 64 GB)",3.9,380,4 GB RAM , 64 GB ROM,14.48 cm (5.7 inch) HD Display,16MP Rear Camera | 5MP Front Camera,3000 mAh Battery,0,0,"₹39,900"
"SAMSUNG Galaxy S9 (Lilac Purple, 128 GB)",4.4,"30,544",4 GB RAM , 128 GB ROM ,14.73 cm (5.8 inch) Quad HD+ Display,12MP Rear Camera | 8MP Front Camera,3000 mAh Battery,0,0,"₹39,900"
"SAMSUNG Galaxy A5 (Pearl White, 16 GB)",4.1,"1,975",2 GB RAM , 16 GB ROM ,12.7 cm (5 inch) HD Display,13MP Rear Camera | 5MP Front Camera,2300 mAh Battery,0,0,"₹15,993"
"SAMSUNG Galaxy A5 2016 Edition (Gold, 16 GB)",4.1,926,2 GB RAM , 16 GB ROM ,13.21 cm (5.2 inch) Full HD Display,13MP Rear Camera | 5MP Front Camera,2900 mAh Li-Ion Battery,0,0,"₹14,490"
"SAMSUNG Galaxy S20 (Cloud Pink, 128 GB)",4.3,262,8 GB RAM , 128 GB ROM ,15.75 cm (6.2 inch) Quad HD+ Display,64MP + 12MP + 12MP | 10MP Front Camera,4000 mAh Lithium-ion Battery,0,0,"₹74,000"
"SAMSUNG Galaxy Grand Prime 4g (White, 8 GB)",3.9,624,1 GB RAM , 8 GB ROM ,12.7 cm (5 inch) quarter HD Display,8MP Rear Camera | 5MP Front Camera,2600 mAh Battery,0,0,"₹8,990"
"SAMSUNG M31 Prime (Ocean Blue, 64 GB)",4.4,650,6 GB RAM , 64 GB ROM,16.26 cm (6.4 inch) Display,64MP Rear Camera,6000 mAh Battery,0,0,"₹16,000"
"SAMSUNG Galaxy Grand Neo Plus (Midnight Black, 8 GB)",4,776,1 GB RAM , 8 GB ROM ,12.73 cm (5.01 inch) WVGA Display,5MP Rear Camera | 2MP Front Camera,2100 mAh Li-Ion Battery,0,0,"₹5,999"
"SAMSUNG Galaxy Star (Ceramic White, 4 GB)",3.8,"2,001",512 MB RAM , 4 GB ROM ,7.37 cm (2.9 inch) QVGA Display,2MP Rear Camera,1200 mAh Li-Ion Battery,0,0,"₹3,599"
"SAMSUNG Galaxy E5 (White, 16 GB)",4.2,"1,011",1.5 GB RAM , 16 GB ROM ,12.7 cm (5 inch) HD Display,8MP Rear Camera | 5MP Front Camera,2400 mAh Li-Ion Battery,0,0,"₹8,490"
"SAMSUNG Galaxy Star (Noble Black, 4 GB)",3.8,"2,001",512 MB RAM , 4 GB ROM ,7.37 cm (2.9 inch) QVGA Display,2MP Rear Camera,1200 mAh Li-Ion Battery,0,0,"₹4,199"
"SAMSUNG Galaxy A7 (Champagne Gold, 16 GB)",4.1,704,2 GB RAM , 16 GB ROM ,13.97 cm (5.5 inch) Full HD Display,13MP Rear Camera | 5MP Front Camera,2600 mAh Battery,0,0,"₹9,999"
"SAMSUNG Galaxy Star Advance (Black, 4 GB)",3.8,889,512 MB RAM , 4 GB ROM ,10.92 cm (4.3 inch) WVGA Display,3MP Rear Camera,1800 mAh Battery,0,0,"₹3,500"
"SAMSUNG Galaxy S6 (Gold Platinum, 32 GB)",4,666,3 GB RAM , 32 GB ROM,12.95 cm (5.1 inch) Quad HD Display,16MP Rear Camera | 5MP Front Camera,2550 mAh Battery,0,0,"₹33,900"
"SAMSUNG Galaxy Grand Neo Plus (Gold, 8 GB)",4,776,1 GB RAM , 8 GB ROM ,12.7 cm (5 inch) WVGA Display,5MP Rear Camera | 2MP Front Camera,2100 mAh Li-Ion Battery,0,0,"₹6,999"
"SAMSUNG Galaxy Note 4 (Frost White, 32 GB)",4.1,"4,251",3 GB RAM , 32 GB ROM ,14.48 cm (5.7 inch) Quad HD Display,16MP Rear Camera | 3.7MP Front Camera,3220 mAh Battery,0,0,"₹27,990"
"SAMSUNG Tizen Z3 (Black, 8 GB)",3.3,"5,190",1 GB RAM , 8 GB ROM ,12.7 cm (5 inch) HD Display,8MP Rear Camera | 5MP Front Camera,2600 mAh Li-Ion Battery,0,0,"₹4,999"
"SAMSUNG Grand Prime 4G (White, 8 GB)",4,400,1 GB RAM , 8 GB ROM ,12.7 cm (5 inch) quarter HD Display,8MP Rear Camera | 5MP Front Camera,2600 mAh Battery,0,0,"₹7,999"
"SAMSUNG Galaxy Note 8 (Orchid Grey, 64 GB)",4.6,"5,615",6 GB RAM , 64 GB ROM ,16.0 cm (6.3 inch) Quad HD+ Display,12MP + 12MP | 8MP Front Camera,3300 mAh Battery,"₹74,990",46% off,"₹39,990"
"SAMSUNG Grand Prime (White, 8 GB)",4,"2,195",1 GB RAM , 8 GB ROM ,12.7 cm (5 inch) Display,8MP Rear Camera | 5MP Front Camera,2600 mAh Battery,0,0,"₹7,992"
"SAMSUNG Galaxy S7 Edge (Gold Platinum, 32 GB)",4.4,"3,840",4 GB RAM , 32 GB ROM ,13.97 cm (5.5 inch) Quad HD Display,12MP Rear Camera | 5MP Front Camera,3600 mAh Li-Ion Battery,0,0,"₹41,900"
"SAMSUNG Galaxy Grand Quattro (Titan Gray, 8 GB)",4,"3,152",1 GB RAM , 8 GB ROM ,11.94 cm (4.7 inch) WVGA Display,5MP Rear Camera | 0.3MP Front Camera,2000 mAh Li-Ion Battery,0,0,"₹5,999"
"SAMSUNG Galaxy S4 Zoom (White, 8 GB)",3.8,216,1.5 GB RAM , 8 GB ROM ,10.92 cm (4.3 inch) quarter HD Display,16MP Rear Camera | 1.9MP Front Camera,2330 mAh Li-Ion Battery,0,0,"₹15,990"
"SAMSUNG Galaxy S6 Edge+ (Gold Platinum, 32 GB)",4.2,159,4 GB RAM , 32 GB ROM,14.48 cm (5.7 inch) Quad HD Display,16MP Rear Camera | 5MP Front Camera,3000 mAh Li-Ion Battery,"₹61,988",54% off,"₹28,000"
"SAMSUNG Galaxy A80 (Angel Gold, 128 GB)",4.4,"5,392",8 GB RAM , 128 GB ROM,17.02 cm (6.7 inch) Full HD+ Display,48MP + 8MP | 48MP(F2.0) + 8MP(Ultra Wide/F2.2) + TOF (Time-of-Flight) 3D-Depth Rotating Camera,3700 mAh Battery,0,0,"₹29,998"
"SAMSUNG Galaxy E7 (Blue, 16 GB)",4.3,"1,424",2 GB RAM , 16 GB ROM ,13.97 cm (5.5 inch) HD Display,13MP Rear Camera | 5MP Front Camera,2950 mAh Battery,0,0,"₹18,340"
"SAMSUNG Galaxy S6 Edge (Black, 64 GB)",4,"1,219",3 GB RAM , 64 GB ROM,12.95 cm (5.1 inch) Quad HD Display,16MP Rear Camera | 5MP Front Camera,2600 mAh Battery,0,0,"₹39,999"
"SAMSUNG Galaxy Grand 2 (White, 8 GB)",4.1,"4,687",1.5 GB RAM , 8 GB ROM ,13.31 cm (5.24 inch) HD Display,8MP Rear Camera | 1.9MP Front Camera,2600 mAh Li-Ion Battery,0,0,"₹10,990"
"SAMSUNG Galaxy E5 (Black, 16 GB)",4.2,"1,011",1.5 GB RAM , 16 GB ROM ,12.7 cm (5 inch) Display,8MP Rear Camera | 5MP Front Camera,2400 mAh Li-Ion Battery,0,0,"₹9,890"
"SAMSUNG Tizen Z3 (Gold, 8 GB)",3.3,"5,190",1 GB RAM , 8 GB ROM ,12.7 cm (5 inch) HD Display,8MP Rear Camera | 5MP Front Camera,2600 mAh Li-Ion Battery,0,0,"₹4,990"
"SAMSUNG Galaxy Grand Quattro (Ceramic White, 8 GB)",4,"3,152",1 GB RAM , 8 GB ROM ,11.94 cm (4.7 inch) WVGA Display,5MP Rear Camera | 0.3MP Front Camera,2000 mAh Li-Ion Battery,0,0,"₹6,999"
"SAMSUNG Galaxy S6 (Black Sapphire, 32 GB)",4,666,3 GB RAM , 32 GB ROM,12.95 cm (5.1 inch) Quad HD Display,16MP Rear Camera | 5MP Front Camera,2550 mAh Battery,0,0,"₹27,900"
"SAMSUNG Galaxy S6 Edge (Gold Platinum, 64 GB)",4,"1,219",3 GB RAM , 64 GB ROM,12.95 cm (5.1 inch) Quad HD Display,16MP Rear Camera | 5MP Front Camera,2600 mAh Battery,"₹55,000",45% off,"₹29,999"
"SAMSUNG Galaxy Grand Neo Plus (Midnight Black, 8 GB)",4,776,1 GB RAM , 8 GB ROM ,12.73 cm (5.01 inch) WVGA Display,5MP Rear Camera | 2MP Front Camera,2100 mAh Li-Ion Battery,0,0,"₹6,999"
"SAMSUNG Galaxy Trend (Midnight Black, 4 GB)",3.6,"1,945",512 MB RAM , 4 GB ROM ,10.16 cm (4 inch) WVGA Display,3MP Rear Camera,1500 mAh Li-Ion Battery,0,0,"₹4,999"
"SAMSUNG Galaxy S3 Neo (Black, 16 GB)",4.2,"13,441",1.5 GB RAM , 16 GB ROM ,12.19 cm (4.8 inch) HD Display,8MP Rear Camera | 1.9MP Front Camera,2100 mAh Li-Ion Battery,0,0,"₹13,499"
"SAMSUNG Galaxy Note Edge (Frost White, 32 GB)",3.3,182,3 GB RAM , 32 GB ROM ,14.22 cm (5.6 inch) Display,16MP Rear Camera | 3.7MP Front Camera,3000 mAh Battery,0,0,"₹30,000"
"SAMSUNG Galaxy E7 (White, 16 GB)",4.3,"1,424",2 GB RAM , 16 GB ROM ,13.97 cm (5.5 inch) HD Display,13MP Rear Camera | 5MP Front Camera,2950 mAh Battery,0,0,"₹12,999"
"SAMSUNG Z1 (Wine Red, 4096 MB)",3.5,"3,207",768 MB RAM , 4096 MB ROM ,8.89 cm (3.5 inch) WVGA Display,3.1MP Rear Camera | 0.3MP Front Camera,1500 mAh Li-Ion Battery,0,0,"₹5,555"
"SAMSUNG Grand Prime (Grey, 8 GB)",4,"2,195",1 GB RAM , 8 GB ROM ,12.7 cm (5 inch) quarter HD Display,8MP Rear Camera | 5MP Front Camera,2600 mAh Li-Ion Battery,0,0,"₹8,500"
"SAMSUNG Galaxy Note 5 Dual (Gold Platinum, 32 GB)",4.2,118,4 GB RAM , 32 GB ROM,14.48 cm (5.7 inch) Quad HD Display,16MP Rear Camera,3000 mAh Battery,0,0,"₹32,990"
"SAMSUNG Galaxy S10 Plus (Prism Blue, 128 GB)",4.6,"1,206",8 GB RAM , 128 GB ROM ,16.26 cm (6.4 inch) Quad HD+ Display,16MP + 12MP | 10MP + 8MP Dual Front Camera,4100 mAh Lithium-ion Battery,"₹72,500",32% off,"₹49,000"
"SAMSUNG Galaxy Star Pro (White, 4 GB)",3.8,"6,308",512 MB RAM , 4 GB ROM ,10.16 cm (4 inch) WVGA Display,2MP Rear Camera,1500 mAh Li-Ion Battery,0,0,"₹4,199"
"SAMSUNG Galaxy S10 Plus (Prism Black, 128 GB)",4.6,"1,206",8 GB RAM , 128 GB ROM ,16.26 cm (6.4 inch) Quad HD+ Display,16MP + 12MP | 10MP + 8MP Dual Front Camera,4100 mAh Lithium-ion Battery,"₹69,800",29% off,"₹49,000"
"SAMSUNG Galaxy S6 Edge+ (Silver Titanium, 32 GB)",4.2,159,4 GB RAM , 32 GB ROM,14.48 cm (5.7 inch) Quad HD Display,16MP Rear Camera | 5MP Front Camera,3000 mAh Li-Ion Battery,0,0,"₹34,999"
"SAMSUNG Galaxy S Duos 2 (Black, 4 GB)",4,"11,623",717 MB RAM , 4 GB ROM ,10.16 cm (4 inch) WVGA Display,5MP Rear Camera | 0.3MP Front Camera,1500 mAh Battery,0,0,"₹5,999"
"SAMSUNG Galaxy Note 3 Neo (White, 16 GB)",4.2,"2,030",2 GB RAM , 16 GB ROM ,13.97 cm (5.5 inch) HD Display,8MP Rear Camera | 2MP Front Camera,3100 mAh Li-Ion Battery,0,0,"₹11,250"
"SAMSUNG Galaxy S7 Edge (Blue Coral, 32 GB)",4.4,"3,840",4 GB RAM , 32 GB ROM ,13.97 cm (5.5 inch) Quad HD Display,12MP Rear Camera | 5MP Front Camera,3600 mAh Li-Ion Battery,0,0,"₹41,900"
"SAMSUNG Galaxy J1 Ace (Blue, 4 GB)",3.9,"2,427",512 MB RAM , 4 GB ROM,10.92 cm (4.3 inch) WVGA Display,5MP Rear Camera | 2MP Front Camera,1800 mAh Battery,0,0,"₹5,850"
"SAMSUNG Galaxy Core 2 (Black, 4 GB)",3.9,"3,345",768 MB RAM , 4 GB ROM ,11.43 cm (4.5 inch) WVGA Display,5MP Rear Camera | 0.3MP Front Camera,2000 mAh Battery,0,0,"₹5,920"
"SAMSUNG Galaxy S6 (White Pearl, 32 GB)",4,666,3 GB RAM , 32 GB ROM,12.95 cm (5.1 inch) Quad HD Display,16MP Rear Camera | 5MP Front Camera,2550 mAh Battery,0,0,"₹24,500"
"SAMSUNG Galaxy S4 Mini (White Frost, 8 GB)",3.8,"1,241",1.5 GB RAM , 8 GB ROM ,10.85 cm (4.27 inch) quarter HD Display,8MP Rear Camera | 1.9MP Front Camera,1900 mAh Li-Ion Battery,0,0,"₹14,000"
"SAMSUNG Galaxy Grand I9082 (Metallic Blue, 8 GB)",4,925,1 GB RAM , 8 GB ROM ,12.7 cm (5 inch) WVGA Display,8MP Rear Camera | 2MP Front Camera,2100 mAh Li-Ion Battery,0,0,"₹8,999"
"SAMSUNG S7 Edge (Black Pearl, 128 GB)",4.3,16,4 GB RAM , 128 GB ROM,13.97 cm (5.5 inch) Display,12MP Rear Camera,3600 mAh Battery,0,0,"₹36,900"
"SAMSUNG Grand Prime 4G (Gold, 8 GB)",4,400,1 GB RAM , 8 GB ROM ,12.7 cm (5 inch) quarter HD Display,8MP Rear Camera | 5MP Front Camera,2600 mAh Battery,0,0,"₹7,899"
"SAMSUNG Galaxy S7 Edge (Gold Platinum, 32 GB)",4.4,"3,840",4 GB RAM , 32 GB ROM ,13.97 cm (5.5 inch) Quad HD Display,12MP Rear Camera | 5MP Front Camera,3600 mAh Li-Ion Battery,0,0,"₹31,300"
"SAMSUNG On7 Pro (Black, 16 GB)",4.1,"1,484",2 GB RAM , 16 GB ROM,13.97 cm (5.5 inch) Display,13MP Rear Camera | 5MP Front Camera,3000 mAh Battery,0,0,"₹7,990"
